﻿Textbox42,Textbox43,Textbox6,Task_Name,Genealogy_Description,Custom_Text1,Link_Doc_no,Task_Budgeted_Duration,Task_Planned_Percentage,Task_Actual_Percentage,Actual_Earned,Planned_Earned,Hours,Actual_Manhours
O20225 - (Solid Pitch Handing - Vizag),31-Dec-2020,1,ENGINEERING COMMON FOR ALL AREAS,Engineering,,,0.00,87.97,0.00,0.00,0.00,,
O20225 - (Solid Pitch Handing - Vizag),31-Dec-2020,2,MECHANICAL,Engineering,,,0.00,100.00,0.00,0.00,0.00,,
O20225 - (Solid Pitch Handing - Vizag),31-Dec-2020,3,PLANT LAYOUT OF PITCH HANDLING SYSTEM,Engineering,,O20225-M-BM-CS-PP-0001,100.00,100.00,0.00,0.00,100.00,181.50,0.00
O20225 - (Solid Pitch Handing - Vizag),31-Dec-2020,4,FLOW DIAGRAM OF PITCH HANDLING SYSTEM,Engineering,,O20225-M-BM-CS-FD-0002,50.00,100.00,0.00,0.00,50.00,18.00,0.00
O20225 - (Solid Pitch Handing - Vizag),31-Dec-2020,5,"DESIGN BASIS FOR SOLID PITCH HANDLING, LOADING & UNLOADING",Engineering,,O20225-M-BM-CS-DB-0003,50.00,100.00,0.00,0.00,50.00,,
O20225 - (Solid Pitch Handing - Vizag),31-Dec-2020,6,OPERATION & CONTROL PHILOSOPHY OF PITCH HANDLING SYSTEM,Engineering,,O20225-M-BM-CS-MS-0024,50.00,100.00,0.00,0.00,50.00,,
O20225 - (Solid Pitch Handing - Vizag),31-Dec-2020,7,O & M MANUAL FOR PITCH HANDLING SYSTEM (,Engineering,,O20225-M-BM-CS-MS-0025,50.00,100.00,0.00,0.00,50.00,,
O20225 - (Solid Pitch Handing - Vizag),31-Dec-2020,8,"DATA SHEET FOR CONVEYORS, PIPE CONVEYOR, BUCKET ELEVATOR, TRUCK LOADING SYSTEM, RAIL LOADING SYSTEM & ILMS",Engineering,,O20225-M-BM-CS-DC-0026,50.00,100.00,0.00,0.00,50.00,,
O20225 - (Solid Pitch Handing - Vizag),31-Dec-2020,9,CIVIL,Engineering,,,0.00,100.00,0.00,0.00,0.00,,
O20225 - (Solid Pitch Handing - Vizag),31-Dec-2020,10,BASIC DESIGN CRITERIA FOR CIVIL WORK,Engineering,,O20225-C-BM-CS-DBR-0001,36.00,100.00,0.00,0.00,36.00,,
O20225 - (Solid Pitch Handing - Vizag),31-Dec-2020,11,GENERAL NOTES ON CIVIL WORKS,Engineering,,O20225-C-BM-CS-GA-0003,36.00,100.00,0.00,0.00,36.00,,
O20225 - (Solid Pitch Handing - Vizag),31-Dec-2020,12,GENERAL NOTES ON ARCHITECTURAL WORKS,Engineering,,O20225-C-BM-CS-GA-0005,36.00,100.00,0.00,0.00,36.00,,
O20225 - (Solid Pitch Handing - Vizag),31-Dec-2020,13,STRUCTURAL,Engineering,,,0.00,100.00,0.00,0.00,0.00,,
O20225 - (Solid Pitch Handing - Vizag),31-Dec-2020,14,BASIC DESIGN CRITERIA FOR STRUCTURAL WORK,Engineering,,O20225-C-BM-CS-DBR-0002,36.00,100.00,0.00,0.00,36.00,,
O20225 - (Solid Pitch Handing - Vizag),31-Dec-2020,15,GENERAL NOTES ON STRUCTURAL WORKS,Engineering,,O20225-C-BM-CS-GA-0004,72.00,100.00,0.00,0.00,72.00,,
O20225 - (Solid Pitch Handing - Vizag),31-Dec-2020,16,UTILITY,Engineering,,,0.00,100.00,0.00,0.00,0.00,,
O20225 - (Solid Pitch Handing - Vizag),31-Dec-2020,17,DESIGN BASIS REPORT FOR DUST EXTRACTION SYSTEM.,Engineering,,O20225-U-BM-DE-DB-0501,45.00,100.00,0.00,0.00,45.00,6.00,0.00
O20225 - (Solid Pitch Handing - Vizag),31-Dec-2020,18,SCHEMATIC DIAGRAM FOR DUST EXTRACTION SYSTEM.,Engineering,,O20225-U-BM-DE-SC-0502,40.00,100.00,0.00,0.00,40.00,8.00,0.00
O20225 - (Solid Pitch Handing - Vizag),31-Dec-2020,19,DESIGN BASIS REPORT FOR FIRE FIGHTING SYSTEM. - OPTIONAL,Engineering,,O20225-U-BM-DS-FF-0601,45.00,100.00,0.00,0.00,45.00,,
O20225 - (Solid Pitch Handing - Vizag),31-Dec-2020,20,SCHEMATIC DIAGRAM FOR FIRE FIGHTING SYSTEM. - OPTIONAL,Engineering,,O20225-U-BM-FF-SC-0602,80.00,100.00,0.00,0.00,80.00,8.00,0.00
O20225 - (Solid Pitch Handing - Vizag),31-Dec-2020,21,DESIGN BASIS REPORT FOR DUST SUPPRESSION SYSTEM.,Engineering,,O20225-U-BM-DS-DB-0701,45.00,100.00,0.00,0.00,45.00,2.00,0.00
O20225 - (Solid Pitch Handing - Vizag),31-Dec-2020,22,SCHEMATIC DIAGRAM FOR DUST SUPPRESSION SYSTEM.,Engineering,,O20225-U-BM-DS-SC-0702,40.00,100.00,0.00,0.00,40.00,2.00,0.00
O20225 - (Solid Pitch Handing - Vizag),31-Dec-2020,23,DESIGN BASIS REPORT FOR SERVICE WATER SYSTEM & DRINKING WATER SYSTEM.,Engineering,,O20225-U-BM-DS-DB-0703,45.00,100.00,0.00,0.00,45.00,2.00,0.00
O20225 - (Solid Pitch Handing - Vizag),31-Dec-2020,24,SCHEMATIC DIAGRAM FOR SERVICE WATER SYSTEM & DRINKING WATER SYSTEM.,Engineering,,O20225-U-BM-DS-SC-0704,40.00,100.00,0.00,0.00,40.00,4.00,0.00
O20225 - (Solid Pitch Handing - Vizag),31-Dec-2020,25,DESIGN BASIS REPORT FOR AIR CONDITIONING SYSTEM,Engineering,,O20225-U-BM-AC-DB-0801,45.00,100.00,0.00,0.00,45.00,,
O20225 - (Solid Pitch Handing - Vizag),31-Dec-2020,26,DESIGN BASIS REPORT FOR VENTILATION SYSTEM,Engineering,,O20225-U-BM-VS-DB-0901,45.00,100.00,0.00,0.00,45.00,,
O20225 - (Solid Pitch Handing - Vizag),31-Dec-2020,27,DATASHEET & GA OF BAG FILTER FOR DUST EXTRACTION SYSTEM.,Engineering,,O20225-U-BM-DE-DS-0503,80.00,100.00,0.00,0.00,80.00,,
O20225 - (Solid Pitch Handing - Vizag),31-Dec-2020,28,"DATASHEET, GA, CS & CHARACTERISTIC CURVE OF FAN FOR DUST EXTRACTION SYSTEM.",Engineering,,O20225-U-BM-DE-DS-0504,80.00,100.00,0.00,0.00,80.00,,
O20225 - (Solid Pitch Handing - Vizag),31-Dec-2020,29,GA OF DUCTING LAYOUT FOR DE SYSTEM,Engineering,,O20225-U-BM-DE-DL-0505,640.00,100.00,0.00,0.00,640.00,,
O20225 - (Solid Pitch Handing - Vizag),31-Dec-2020,30,PIPING LAYOUT OF FIRE FIGHTING SYSTEM (OPTIONAL) - OPTIONAL,Engineering,,O20225-U-BM-FF-PL-0603,80.00,100.00,0.00,0.00,80.00,,
O20225 - (Solid Pitch Handing - Vizag),31-Dec-2020,31,"PIPING LAYOUT OF DUST SUPPRESSION SYSTEM, DRINKING WATER SYSTEM AND SERVICE WATER SYSTEM",Engineering,,O20225-U-BM-DS-PL-0705,80.00,100.00,0.00,0.00,80.00,,
O20225 - (Solid Pitch Handing - Vizag),31-Dec-2020,32,UTILITY CONSUMPTION LIST,Engineering,,O20225-U-BM-DS-LS-0508,10.00,100.00,0.00,0.00,10.00,12.00,0.00
O20225 - (Solid Pitch Handing - Vizag),31-Dec-2020,33,"HVAC EQUIPMENT, DUCTING, REFRIGERANT PIPING, CONDENSATE PIPING, ELECTRICAL CABLE TRAY, INSTRUMENTATION CABLE TRAY LAYOUT, SECTIONS & ELEVATIONS",Engineering,,O20225-U-BM-AC-DL-0802,120.00,100.00,0.00,0.00,120.00,,
O20225 - (Solid Pitch Handing - Vizag),31-Dec-2020,34,DATASHEET & GA DRAWING - AIR COOLED CONDENSING UNIT,Engineering,,O20225-U-BM-AC-DS-0803,40.00,100.00,0.00,0.00,40.00,,
O20225 - (Solid Pitch Handing - Vizag),31-Dec-2020,35,DATASHEET & GA DRAWING - DX TYPE AIR HANDLING UNIT,Engineering,,O20225-U-BM-AC-DS-0804,40.00,100.00,0.00,0.00,40.00,,
O20225 - (Solid Pitch Handing - Vizag),31-Dec-2020,36,DATASHEET & GA DRAWING - INVERTER CONTROLLED SPLIT AC UNIT,Engineering,,O20225-U-BM-AC-DS-0805,40.00,100.00,0.00,0.00,40.00,,
O20225 - (Solid Pitch Handing - Vizag),31-Dec-2020,37,DATASHEET & GA DRAWING - HVAC ACCESSORIES,Engineering,,O20225-U-BM-AC-DS-0806,40.00,100.00,0.00,0.00,40.00,,
O20225 - (Solid Pitch Handing - Vizag),31-Dec-2020,38,"HAVC CONTROL PANEL DRAWINGS (GA - SLD,INTERNAL WIRING DETAILS AND BILL OF MATERIAL)",Engineering,,O20225-U-BM-AC-GA-0807,40.00,100.00,0.00,0.00,40.00,,
O20225 - (Solid Pitch Handing - Vizag),31-Dec-2020,39,HVAC ELECTRICAL (POWER) PANEL DRAWINGS,Engineering,,O20225-U-BM-AC-DW-0808,40.00,100.00,0.00,0.00,40.00,,
O20225 - (Solid Pitch Handing - Vizag),31-Dec-2020,40,"HVAC CONTROL PHILOSOPHY, LOGIC CONTROL DIAGRAM AND I/O LIST",Engineering,,O20225-U-BM-AC-LS-0809,40.00,100.00,0.00,0.00,40.00,,
O20225 - (Solid Pitch Handing - Vizag),31-Dec-2020,41,HVAC CABLE SCHEDULE,Engineering,,O20225-U-BM-AC-LS-0810,40.00,100.00,0.00,0.00,40.00,,
O20225 - (Solid Pitch Handing - Vizag),31-Dec-2020,42,DATASHEET & GA DRAWING - VENTILATION ITEMS,Engineering,,O20225-U-BM-VS-DS-0902,40.00,100.00,0.00,0.00,40.00,,
O20225 - (Solid Pitch Handing - Vizag),31-Dec-2020,43,DATA SHEET & GA DRAWING -CHEMICAL FILTER UNIT,Engineering,,O20225-U-BM-AC-DS-0903,40.00,100.00,0.00,0.00,40.00,,
O20225 - (Solid Pitch Handing - Vizag),31-Dec-2020,44,HVAC CAUSE & EFFECT DIAGRAM,Engineering,,O20225-U-BM-AC-DS-0904,40.00,100.00,0.00,0.00,40.00,,
O20225 - (Solid Pitch Handing - Vizag),31-Dec-2020,45,FIREWATER DEMAND CALCULATION REPORT,Engineering,,O20225-U-BM-FF-DC-0604,45.00,100.00,0.00,0.00,45.00,,
O20225 - (Solid Pitch Handing - Vizag),31-Dec-2020,46,HYDRAULIC CALCULATIONS FOR FIREWATER NETWORK & SPRAY SYSTEMS (USING PIPENET),Engineering,,O20225-U-BM-FF-DC-0605,45.00,100.00,0.00,0.00,45.00,,
O20225 - (Solid Pitch Handing - Vizag),31-Dec-2020,47,P & IDs FOR FIREWATER NETWORK,Engineering,,O20225-U-BM-FF-SC-0606,40.00,100.00,0.00,0.00,40.00,,
O20225 - (Solid Pitch Handing - Vizag),31-Dec-2020,48,P & IDs FOR FIREWATER SPRAY SYSTEMS / DELUGE SYSTEM,Engineering,,O20225-U-BM-FF-SC-0607,40.00,100.00,0.00,0.00,40.00,,
O20225 - (Solid Pitch Handing - Vizag),31-Dec-2020,49,P & IDs FOR LANDING VALVE,Engineering,,O20225-U-BM-FF-SC-0608,40.00,100.00,0.00,0.00,40.00,,
O20225 - (Solid Pitch Handing - Vizag),31-Dec-2020,50,P & IDs FOR BOOSTER PUMPS (IF REQUIRED),Engineering,,O20225-U-BM-FF-SC-0609,40.00,100.00,0.00,0.00,40.00,,
O20225 - (Solid Pitch Handing - Vizag),31-Dec-2020,51,FIRE FIGHTING & SAFETY EQUIPMENT LAYOUT,Engineering,,O20225-U-BM-FF-PL-0610,40.00,100.00,0.00,0.00,40.00,,
O20225 - (Solid Pitch Handing - Vizag),31-Dec-2020,52,FIRE PROOFING LAYOUT,Engineering,,O20225-U-BM-FF-PL-0611,40.00,100.00,0.00,0.00,40.00,,
O20225 - (Solid Pitch Handing - Vizag),31-Dec-2020,53,FIRE & GAS (F & G) DETECTION LAYOUT,Engineering,,O20225-U-BM-FF-PL-0612,40.00,100.00,0.00,0.00,40.00,,
O20225 - (Solid Pitch Handing - Vizag),31-Dec-2020,54,DATASHEET FOR SPRAY SYSTEM NOZZLES,Engineering,,O20225-U-BM-FF-DC-0613,40.00,100.00,0.00,0.00,40.00,,
O20225 - (Solid Pitch Handing - Vizag),31-Dec-2020,55,DATASHEET FOR DELUGE VALVES,Engineering,,O20225-U-BM-FF-DC-0614,40.00,100.00,0.00,0.00,40.00,,
O20225 - (Solid Pitch Handing - Vizag),31-Dec-2020,56,DATASHEET FOR LANDING VALVES,Engineering,,O20225-U-BM-FF-DC-0615,40.00,100.00,0.00,0.00,40.00,,
O20225 - (Solid Pitch Handing - Vizag),31-Dec-2020,57,DATASHEET FOR HOSE REEL,Engineering,,O20225-U-BM-FF-DC-0616,40.00,100.00,0.00,0.00,40.00,,
O20225 - (Solid Pitch Handing - Vizag),31-Dec-2020,58,DATASHEET FOR BOOSTER PUMPS (IF REQUIRED),Engineering,,O20225-U-BM-FF-DC-0617,40.00,100.00,0.00,0.00,40.00,,
O20225 - (Solid Pitch Handing - Vizag),31-Dec-2020,59,CLEAN AGENT SPECIFICATION FOR CONTROL ROOMS (IF REQUIRED),Engineering,,O20225-U-BM-FF-DC-0618,40.00,100.00,0.00,0.00,40.00,,
O20225 - (Solid Pitch Handing - Vizag),31-Dec-2020,60,ELECTRICAL,Engineering,,,0.00,90.05,0.00,0.00,0.00,,
O20225 - (Solid Pitch Handing - Vizag),31-Dec-2020,61,SINGLE LINE DIAGRAM - OVERALL POWER DISTRIBUTION & TYPICAL FEEDER-WISE SLD,Engineering,,O20225-E-BM-CS-1L-0001,30.00,100.00,0.00,0.00,30.00,6.50,0.00
O20225 - (Solid Pitch Handing - Vizag),31-Dec-2020,62,ELECTRICAL LOAD LIST,Engineering,,O20225-E-BM-CS-LL-0002,30.00,100.00,0.00,0.00,30.00,19.00,0.00
O20225 - (Solid Pitch Handing - Vizag),31-Dec-2020,63,CABLE DESIGN MEMORANDUM,Engineering,,O20225-E-BM-CS-DC-0004,90.00,100.00,0.00,0.00,90.00,12.50,0.00
O20225 - (Solid Pitch Handing - Vizag),31-Dec-2020,64,ILLUMINATION DESIGN MEMORANDUM,Engineering,,O20225-E-BM-CS-DC-0005,120.00,100.00,0.00,0.00,120.00,20.50,0.00
O20225 - (Solid Pitch Handing - Vizag),31-Dec-2020,65,EARTHING & LIGHTNING PROTECTION DESIGN CALCULATIONS,Engineering,,O20225-E-BM-CS-DC-0006,60.00,100.00,0.00,0.00,60.00,46.00,0.00
O20225 - (Solid Pitch Handing - Vizag),31-Dec-2020,66,HAZARDOUS AREA CLASSIFICATION-TRUCK LOADING AREA,Engineering,,O20225-E-BM-CS-DD-0066,150.00,100.00,0.00,0.00,150.00,60.00,0.00
O20225 - (Solid Pitch Handing - Vizag),31-Dec-2020,67,HAZARDOUS AREA CLASSIFICATION-WAGON LOADING AREA,Engineering,,O20225-E-BM-CS-DD-0067,150.00,100.00,0.00,0.00,150.00,36.00,0.00
O20225 - (Solid Pitch Handing - Vizag),31-Dec-2020,68,LOAD ANALYSIS-TRUCK LOADING AREA,Engineering,,O20225-E-BM-CS-DD-0068,45.00,100.00,0.00,0.00,45.00,,
O20225 - (Solid Pitch Handing - Vizag),31-Dec-2020,69,LOAD ANALYSIS-WAGON LOADING AREA,Engineering,,O20225-E-BM-CS-DD-0069,45.00,100.00,0.00,0.00,45.00,,
O20225 - (Solid Pitch Handing - Vizag),31-Dec-2020,70,SYSTEM STUDY,Engineering,,O20225-E-BM-CS-DD-0070,75.00,100.00,0.00,0.00,75.00,,
O20225 - (Solid Pitch Handing - Vizag),31-Dec-2020,71,OVERALL CABLE ROUTING LAYOUT WAGON LOADING AREA,Engineering,,O20225-E-BM-CS-DD-0021,104.00,100.00,0.00,0.00,104.00,52.50,0.00
O20225 - (Solid Pitch Handing - Vizag),31-Dec-2020,72,OVERALL EARTHING & LIGHTNING PROTECTION LAYOUT WAGON LOADING AREA,Engineering,,O20225-E-BM-CS-DD-0022,104.00,100.00,0.00,0.00,104.00,35.00,0.00
O20225 - (Solid Pitch Handing - Vizag),31-Dec-2020,73,"EQUIPMENT LAYOUT, CABLE TRAY OF PITCH HANDLING SUBSTATION",Engineering,,O20225-E-BM-CS-DD-0023,208.00,100.00,0.00,0.00,208.00,262.00,0.00
O20225 - (Solid Pitch Handing - Vizag),31-Dec-2020,74,EARTHING & LIGHTNING PROTECTION LAYOUT OF  SUBSTATION,Engineering,,O20225-E-BM-CS-DD-0024,104.00,100.00,0.00,0.00,104.00,,
O20225 - (Solid Pitch Handing - Vizag),31-Dec-2020,75,ILLUMINATION LAYOUT OF SUBSTATION,Engineering,,O20225-E-BM-CS-DD-0025,104.00,100.00,0.00,0.00,104.00,24.00,0.00
O20225 - (Solid Pitch Handing - Vizag),31-Dec-2020,76,ROAD LIGHTING LAYOUT - OPTIONAL,Engineering,,O20225-E-BM-CS-DD-0065,156.00,100.00,0.00,0.00,156.00,28.00,0.00
O20225 - (Solid Pitch Handing - Vizag),31-Dec-2020,77,RELAY SETTING CALCULATIONS,Engineering,,O20225-E-BM-CS-DD-0028,104.00,100.00,0.00,0.00,104.00,,
O20225 - (Solid Pitch Handing - Vizag),31-Dec-2020,78,"GA, BOM & WIRING DWG OF LOCAL PUSHBUTTON STATIONS",Engineering,,O20225-E-BM-CS-VD-0127,24.00,0.00,0.00,0.00,0.00,16.00,0.00
O20225 - (Solid Pitch Handing - Vizag),31-Dec-2020,79,GA & BOM OF POWER JUNCTION BOXES,Engineering,,O20225-E-BM-CS-VD-0130,12.00,100.00,0.00,0.00,12.00,,
O20225 - (Solid Pitch Handing - Vizag),31-Dec-2020,80,GA & BOM OF LIGHTING JUNCTION BOXES,Engineering,,O20225-E-BM-CS-VD-0132,12.00,100.00,0.00,0.00,12.00,,
O20225 - (Solid Pitch Handing - Vizag),31-Dec-2020,81,GA & BOM OF LIGHTING POLES,Engineering,,O20225-E-BM-CS-VD-0133,12.00,100.00,0.00,0.00,12.00,,
O20225 - (Solid Pitch Handing - Vizag),31-Dec-2020,82,"GA, BOM & WIRING DWG OF WELDING RECEPTACLES",Engineering,,O20225-E-BM-CS-VD-0134,12.00,100.00,0.00,0.00,12.00,,
O20225 - (Solid Pitch Handing - Vizag),31-Dec-2020,83,TECHNICAL DATASHEET OF HV POWER CABLES,Engineering,,O20225-E-BM-CS-VD-0136,24.00,100.00,0.00,0.00,24.00,8.00,0.00
O20225 - (Solid Pitch Handing - Vizag),31-Dec-2020,84,C & I,Engineering,,,0.00,37.11,0.00,0.00,0.00,,
O20225 - (Solid Pitch Handing - Vizag),31-Dec-2020,85,SYSTEM CONFIGURATION DIAGRAM,Engineering,,O20225-I-BM-CS-BE-0001,9.00,100.00,0.00,0.00,9.00,1.50,0.00
O20225 - (Solid Pitch Handing - Vizag),31-Dec-2020,86,TYPICAL I/O LIST,Engineering,,O20225-I-BM-CS-BE-0002,23.00,100.00,0.00,0.00,23.00,,
O20225 - (Solid Pitch Handing - Vizag),31-Dec-2020,87,CONTROL CABLE BLOCK DIAGRAM,Engineering,,O20225-I-BM-CS-BE-0003,108.00,100.00,0.00,0.00,108.00,15.00,0.00
O20225 - (Solid Pitch Handing - Vizag),31-Dec-2020,88,SCHEMATIC DRAWING FOR TELEPHONE SYSTEM,Engineering,,O20225-I-BM-CS-BE-0004,9.00,100.00,0.00,0.00,9.00,,
O20225 - (Solid Pitch Handing - Vizag),31-Dec-2020,89,SCHEMATIC DRAWING FOR FIRE DETECTION AND ALARM SYSTEM,Engineering,,O20225-I-BM-CS-BE-0005,9.00,100.00,0.00,0.00,9.00,6.00,0.00
O20225 - (Solid Pitch Handing - Vizag),31-Dec-2020,90,DESIGN BASIS FOR TELEPHONE SYSTEM,Engineering,,O20225-I-BM-CS-BE-0007,55.00,100.00,0.00,0.00,55.00,12.00,0.00
O20225 - (Solid Pitch Handing - Vizag),31-Dec-2020,91,DESIGN BASIS FOR FIRE DETECTION AND ALARM (FDA) SYSTEM,Engineering,,O20225-I-BM-CS-BE-0008,55.00,100.00,0.00,0.00,55.00,7.00,0.00
O20225 - (Solid Pitch Handing - Vizag),31-Dec-2020,92,CABLE SCHEDULE AND INTERCONNECTION DIAGRAM,Engineering,,O20225-I-BM-CS-DE-0105,128.00,100.00,0.00,0.00,128.00,22.00,0.00
O20225 - (Solid Pitch Handing - Vizag),31-Dec-2020,93,OVERALL PLANT FO CABLE LAYOUT,Engineering,,O20225-I-BM-CS-DE-0106,55.00,100.00,0.00,0.00,55.00,10.00,0.00
O20225 - (Solid Pitch Handing - Vizag),31-Dec-2020,94,INSTRUMENT HOOK UP DRAWING WITH BILL OF MATERIALS,Engineering,,O20225-I-BM-CS-DE-0108,110.00,100.00,0.00,0.00,110.00,17.00,0.00
O20225 - (Solid Pitch Handing - Vizag),31-Dec-2020,95,INSTRUMENT LIST,Engineering,,O20225-I-BM-CS-DE-0109,32.00,100.00,0.00,0.00,32.00,22.00,0.00
O20225 - (Solid Pitch Handing - Vizag),31-Dec-2020,96,LOOP WIRING DIAGRAM,Engineering,,O20225-I-BM-CS-VD-0210,98.00,100.00,0.00,0.00,98.00,,
O20225 - (Solid Pitch Handing - Vizag),31-Dec-2020,97,"VENDOR DATSHEETS FOR INSTRUMENTATION SIGNAL, CONROL AND POWER CABLE",Engineering,,O20225-I-BM-CS-VD-0212,21.00,100.00,0.00,0.00,21.00,7.00,0.00
O20225 - (Solid Pitch Handing - Vizag),31-Dec-2020,98,DATASHEETS FOR ENCODER,Engineering,,O20225-I-BM-CS-VD-0217,7.00,100.00,0.00,0.00,7.00,,
O20225 - (Solid Pitch Handing - Vizag),31-Dec-2020,99,DATASHEETS FOR PADDLE SWITCH,Engineering,,O20225-I-BM-CS-VD-0218,7.00,100.00,0.00,0.00,7.00,,
O20225 - (Solid Pitch Handing - Vizag),31-Dec-2020,100,"DATASHEET, SCHEME, POWER CONSUMPTION AND BILL OF MATERIALS OF FDA SYSTEM -",Engineering,,O20225-I-BM-CS-VD-0220,35.00,100.00,0.00,0.00,35.00,7.00,0.00
O20225 - (Solid Pitch Handing - Vizag),31-Dec-2020,101,LAYOUT DRAWING OF FDA SYSTEM -,Engineering,,O20225-I-BM-CS-VD-0221,14.00,0.00,0.00,0.00,0.00,5.00,0.00
O20225 - (Solid Pitch Handing - Vizag),31-Dec-2020,102,CABLE SCHEDULE FOR FDA SYSTEM -,Engineering,,O20225-I-BM-CS-VD-0222,4.00,0.00,0.00,0.00,0.00,19.00,0.00
O20225 - (Solid Pitch Handing - Vizag),31-Dec-2020,103,"DATASHEET, SCHEME, POWER CONSUMPTION AND BILL OF MATERIALS OF TELEPHONE SYSTEM",Engineering,,O20225-I-BM-CS-VD-0223,35.00,0.00,0.00,0.00,0.00,,
O20225 - (Solid Pitch Handing - Vizag),31-Dec-2020,104,LAYOUT DRAWING OF TELEPHONE SYSTEM -,Engineering,,O20225-I-BM-CS-VD-0224,14.00,0.00,0.00,0.00,0.00,1.00,0.00
O20225 - (Solid Pitch Handing - Vizag),31-Dec-2020,105,CABLE SCHEDULE FOR TELEPHONE SYSTEM -,Engineering,,O20225-I-BM-CS-VD-0225,7.00,0.00,0.00,0.00,0.00,9.00,0.00
O20225 - (Solid Pitch Handing - Vizag),31-Dec-2020,106,"FIRE AND GAS ALARMING SYSTEM DATASHEET, SCHEME, BILL OF QUANTITIES",Engineering,,O20225-I-BM-CS-VD-0229,35.00,0.00,0.00,0.00,0.00,,
O20225 - (Solid Pitch Handing - Vizag),31-Dec-2020,107,FIRE AND GAS ALARM SYSTEM LAYOUT,Engineering,,O20225-I-BM-CS-VD-0230,14.00,0.00,0.00,0.00,0.00,,
O20225 - (Solid Pitch Handing - Vizag),31-Dec-2020,108,GA AND IGA OF JUNCTION BOX DRAWING,Engineering,,O20225-I-BM-CS-VD-0228,56.00,34.15,0.00,0.00,19.12,,
O20225 - (Solid Pitch Handing - Vizag),31-Dec-2020,109,Truck Loading System,Engineering,,,0.00,47.57,5.85,0.00,0.00,,
O20225 - (Solid Pitch Handing - Vizag),31-Dec-2020,110,BCN 1A/B From Solidification Area to TT-1,Engineering,,,0.00,50.51,5.95,0.00,0.00,,
O20225 - (Solid Pitch Handing - Vizag),31-Dec-2020,111,ENGINEERING,Engineering,,,0.00,23.96,0.00,0.00,0.00,,
O20225 - (Solid Pitch Handing - Vizag),31-Dec-2020,112,MECHANICAL,Engineering,,,0.00,66.67,0.00,0.00,0.00,,
O20225 - (Solid Pitch Handing - Vizag),31-Dec-2020,113,POWER & TENSION CALCULATION OF CONVEYORS - COMPUTERISED,Engineering,,O20225-M-BM-CS-DC-0004,50.00,100.00,0.00,0.00,50.00,16.00,0.00
O20225 - (Solid Pitch Handing - Vizag),31-Dec-2020,114,SELECTION OF BELTS & DRIVE COMPONENTS FOR CONVEYORS & BELT FEEDERS,Engineering,,O20225-M-BM-CS-DC-0005,50.00,100.00,0.00,0.00,50.00,8.00,0.00
O20225 - (Solid Pitch Handing - Vizag),31-Dec-2020,115,COASTING TIME CALCULATION AND BRAKE REQUIREMENT FOR CONVEYORS,Engineering,,O20225-M-BM-CS-DC-0006,50.00,100.00,0.00,0.00,50.00,,
O20225 - (Solid Pitch Handing - Vizag),31-Dec-2020,116,CONEYOR PROFILES,Engineering,,O20225-M-BM-CS-GA-0007,50.00,100.00,0.00,0.00,50.00,,
O20225 - (Solid Pitch Handing - Vizag),31-Dec-2020,117,TYPICAL CROSS SECTION OF CONVEYOR GALLERY,Engineering,,O20225-M-BM-CS-GA-0008,50.00,100.00,0.00,0.00,50.00,,
O20225 - (Solid Pitch Handing - Vizag),31-Dec-2020,118,GA & LOAD DATA OF CONV. BC-1A/B,Engineering,,O20225-M-BM-CS-GA-0009,200.00,0.00,0.00,0.00,0.00,,
O20225 - (Solid Pitch Handing - Vizag),31-Dec-2020,119,CIVIL,Engineering,,,0.00,14.29,0.00,0.00,0.00,,
O20225 - (Solid Pitch Handing - Vizag),31-Dec-2020,120,CONVEYOR BC-1A/B : DESIGN CALCULATION OF SUBSTRUCTURE,Engineering,,O20225-C-BM-CS-DC-0099,168.00,100.00,0.00,0.00,168.00,16.00,0.00
O20225 - (Solid Pitch Handing - Vizag),31-Dec-2020,121,CONVEYOR BC-1A/B : PILE LAYOUT,Engineering,,O20225-C-BM-CS-NR-0100,72.00,100.00,0.00,0.00,72.00,6.00,0.00
O20225 - (Solid Pitch Handing - Vizag),31-Dec-2020,122,CONVEYOR BC-1A/B : NUM & RC DETAILS,Engineering,,O20225-C-BM-CS-NR-0101,36.00,0.00,0.00,0.00,0.00,6.00,0.00
O20225 - (Solid Pitch Handing - Vizag),31-Dec-2020,123,CONVEYOR BC-1A/B : NUM & RC DETAILS,Engineering,,O20225-C-BM-CS-NR-0102,36.00,0.00,0.00,0.00,0.00,8.00,0.00
O20225 - (Solid Pitch Handing - Vizag),31-Dec-2020,124,STRUCTURAL,Engineering,,,0.00,0.39,0.00,0.00,0.00,,
O20225 - (Solid Pitch Handing - Vizag),31-Dec-2020,125,CONVEYOR BC-1A/B : DESIGN CALCULATION OF SUPER-STRUCTURE,Engineering,,O20225-C-BM-CS-DC-0103,224.00,31.71,0.00,0.00,71.02,37.00,0.00
O20225 - (Solid Pitch Handing - Vizag),31-Dec-2020,126,CONVEYOR BC-1A/B : STRUCTURAL GA DRAWINGS,Engineering,,O20225-C-BM-CS-GA-0104,72.00,0.00,0.00,0.00,0.00,3.00,0.00
O20225 - (Solid Pitch Handing - Vizag),31-Dec-2020,127,CONVEYOR BC-1A/B : STRUCTURAL GA DRAWINGS,Engineering,,O20225-C-BM-CS-GA-0105,72.00,0.00,0.00,0.00,0.00,7.00,0.00
O20225 - (Solid Pitch Handing - Vizag),31-Dec-2020,128,CONVEYOR BC-1A/B : STRUCTURAL GA DRAWINGS,Engineering,,O20225-C-BM-CS-GA-0106,72.00,0.00,0.00,0.00,0.00,12.00,0.00
O20225 - (Solid Pitch Handing - Vizag),31-Dec-2020,129,CONVEYOR BC-1A/B : SHEETING ARRANGEMENT,Engineering,,O20225-C-BM-CS-AR-0107,36.00,0.00,0.00,0.00,0.00,,
O20225 - (Solid Pitch Handing - Vizag),31-Dec-2020,130,ELECTRICAL,Engineering,,,0.00,0.00,0.00,0.00,0.00,,
O20225 - (Solid Pitch Handing - Vizag),31-Dec-2020,131,"ELECTRICAL EQUIPMENT, CABLE TRAY, EARTHING & LIGHTNING LAYOUT IN CONV BC 1A/B",Engineering,,O20225-E-BM-CS-DD-0050,104.00,0.00,0.00,0.00,0.00,1.00,0.00
O20225 - (Solid Pitch Handing - Vizag),31-Dec-2020,132,ILLUMINATION LAYOUT IN CONV BC 1A/B,Engineering,,O20225-E-BM-CS-DD-0051,104.00,0.00,0.00,0.00,0.00,17.00,0.00
O20225 - (Solid Pitch Handing - Vizag),31-Dec-2020,133,TRANSFER TOWER-1,Engineering,,,0.00,39.20,12.31,0.00,0.00,,
O20225 - (Solid Pitch Handing - Vizag),31-Dec-2020,134,ENGINEERING,Engineering,,,0.00,44.31,0.00,0.00,0.00,,
O20225 - (Solid Pitch Handing - Vizag),31-Dec-2020,135,MECHANICAL,Engineering,,,0.00,0.00,0.00,0.00,0.00,,
O20225 - (Solid Pitch Handing - Vizag),31-Dec-2020,136,GA & LOAD DATA OF TT-1 AND TRUCK LOADING STATION,Engineering,,O20225-M-BM-CS-GA-0017,550.00,0.00,0.00,0.00,0.00,10.00,0.00
O20225 - (Solid Pitch Handing - Vizag),31-Dec-2020,137,CIVIL,Engineering,,,0.00,0.00,0.00,0.00,0.00,,
O20225 - (Solid Pitch Handing - Vizag),31-Dec-2020,138,TT-1 : DESIGN CALCULATION OF SUBSTRUCTURE,Engineering,,O20225-C-BM-CS-DC-0006,112.00,0.00,0.00,0.00,0.00,6.00,0.00
O20225 - (Solid Pitch Handing - Vizag),31-Dec-2020,139,TT-1 : PILE LAYOUT,Engineering,,O20225-C-BM-CS-NR-0007,36.00,0.00,0.00,0.00,0.00,28.00,0.00
O20225 - (Solid Pitch Handing - Vizag),31-Dec-2020,140,TT-1 : NUM & RC DETAILS,Engineering,,O20225-C-BM-CS-NR-0008,36.00,0.00,0.00,0.00,0.00,20.00,0.00
O20225 - (Solid Pitch Handing - Vizag),31-Dec-2020,141,TT-1 : NUM & RC DETAILS- GRADE SLAB,Engineering,,O20225-C-BM-CS-NR-0009,36.00,0.00,0.00,0.00,0.00,,
O20225 - (Solid Pitch Handing - Vizag),31-Dec-2020,142,STRUCTURAL,Engineering,,,0.00,81.48,0.00,0.00,0.00,,
O20225 - (Solid Pitch Handing - Vizag),31-Dec-2020,143,TT-1 : DESIGN CALCULATION OF SUPER-STRUCTURE,Engineering,,O20225-C-BM-CS-DC-0010,224.00,0.00,0.00,0.00,0.00,16.00,0.00
O20225 - (Solid Pitch Handing - Vizag),31-Dec-2020,144,TT-1 : STRUCTURAL GA DRAWINGS,Engineering,,O20225-C-BM-CS-GA-0011,72.00,0.00,0.00,0.00,0.00,39.00,0.00
O20225 - (Solid Pitch Handing - Vizag),31-Dec-2020,145,TT-1 : STRUCTURAL GA DRAWINGS,Engineering,,O20225-C-BM-CS-GA-0012,72.00,100.00,0.00,0.00,72.00,36.00,0.00
O20225 - (Solid Pitch Handing - Vizag),31-Dec-2020,146,TT-1 : STRUCTURAL GA DRAWINGS OF BAG FILTER,Engineering,,O20225-C-BM-CS-GA-0013,36.00,100.00,0.00,0.00,36.00,14.00,0.00
O20225 - (Solid Pitch Handing - Vizag),31-Dec-2020,147,TT-1 : SHEETING ARRANGEMENT,Engineering,,O20225-C-BM-CS-AR-0014,36.00,100.00,0.00,0.00,36.00,,
O20225 - (Solid Pitch Handing - Vizag),31-Dec-2020,148,ELECTRICAL,Engineering,,,0.00,100.00,0.00,0.00,0.00,,
O20225 - (Solid Pitch Handing - Vizag),31-Dec-2020,149,ELECTRICAL EQUIPMENT AND CABLE TRAY LAYOUT IN TT-1,Engineering,,O20225-E-BM-CS-DD-0029,104.00,100.00,0.00,0.00,104.00,80.50,0.00
O20225 - (Solid Pitch Handing - Vizag),31-Dec-2020,150,EARTHING & LIGHTNING LAYOUT IN TT-1,Engineering,,O20225-E-BM-CS-DD-0030,104.00,100.00,0.00,0.00,104.00,,
O20225 - (Solid Pitch Handing - Vizag),31-Dec-2020,151,ILLUMINATION LAYOUT IN TT-1,Engineering,,O20225-E-BM-CS-DD-0031,104.00,100.00,0.00,0.00,104.00,13.00,0.00
O20225 - (Solid Pitch Handing - Vizag),31-Dec-2020,152,C & I,Engineering,,,0.00,100.00,0.00,0.00,0.00,,
O20225 - (Solid Pitch Handing - Vizag),31-Dec-2020,153,DATASHEETS FOR CHUTE BLOCK SWITCH,Engineering,,O20225-I-BM-CS-VD-0216,7.00,100.00,0.00,0.00,7.00,,
O20225 - (Solid Pitch Handing - Vizag),31-Dec-2020,154,TRUCK LOADING STATION TLS,Engineering,,,0.00,47.14,4.41,0.00,0.00,,
O20225 - (Solid Pitch Handing - Vizag),31-Dec-2020,155,ENGINEERING,Engineering,,,0.00,77.59,0.00,0.00,0.00,,
O20225 - (Solid Pitch Handing - Vizag),31-Dec-2020,156,MECHANICAL,Engineering,,,0.00,0.00,0.00,0.00,0.00,,
O20225 - (Solid Pitch Handing - Vizag),31-Dec-2020,157,CIVIL,Engineering,,,0.00,100.00,0.00,0.00,0.00,,
O20225 - (Solid Pitch Handing - Vizag),31-Dec-2020,158,TRUCK LOADING STATION : DESIGN CALCULATION OF SUBSTRUCTURE,Engineering,,O20225-C-BM-CS-DC-0015,224.00,100.00,0.00,0.00,224.00,56.00,0.00
O20225 - (Solid Pitch Handing - Vizag),31-Dec-2020,159,TRUCK LOADING STATION : PILE LAYOUT,Engineering,,O20225-C-BM-CS-NR-0016,72.00,100.00,0.00,0.00,72.00,,
O20225 - (Solid Pitch Handing - Vizag),31-Dec-2020,160,TRUCK LOADING STATION : NUM & RC DETAILS,Engineering,,O20225-C-BM-CS-NR-0017,72.00,100.00,0.00,0.00,72.00,100.00,0.00
O20225 - (Solid Pitch Handing - Vizag),31-Dec-2020,161,TRUCK LOADING STATION : NUM & RC DETAILS- GRADE SLAB,Engineering,,O20225-C-BM-CS-NR-0018,72.00,100.00,0.00,0.00,72.00,,
O20225 - (Solid Pitch Handing - Vizag),31-Dec-2020,162,STRUCTURAL,Engineering,,,0.00,100.00,0.00,0.00,0.00,,
O20225 - (Solid Pitch Handing - Vizag),31-Dec-2020,163,TRUCK LOADING STATION : DESIGN CALCULATION OF SUPER-STRUCTURE,Engineering,,O20225-C-BM-CS-DC-0019,392.00,100.00,0.00,0.00,392.00,44.00,0.00
O20225 - (Solid Pitch Handing - Vizag),31-Dec-2020,164,TRUCK LOADING STATION : STRUCTURAL GA DRAWINGS,Engineering,,O20225-C-BM-CS-GA-0020,288.00,100.00,0.00,0.00,288.00,144.00,0.00
O20225 - (Solid Pitch Handing - Vizag),31-Dec-2020,165,TRUCK LOADING STATION : STRUCTURAL GA DRAWINGS,Engineering,,O20225-C-BM-CS-GA-0021,288.00,100.00,0.00,0.00,288.00,,
O20225 - (Solid Pitch Handing - Vizag),31-Dec-2020,166,TRUCK LOADING STATION : STRUCTURAL GA DRAWINGS OF HOPPER,Engineering,,O20225-C-BM-CS-GA-0022,144.00,100.00,0.00,0.00,144.00,72.00,0.00
O20225 - (Solid Pitch Handing - Vizag),31-Dec-2020,167,TRUCK LOADING STATION : STRUCTURAL GA DRAWINGS OF BAG FILTER,Engineering,,O20225-C-BM-CS-GA-0023,72.00,100.00,0.00,0.00,72.00,20.00,0.00
O20225 - (Solid Pitch Handing - Vizag),31-Dec-2020,168,TRUCK LOADING STATION : SHEETING ARRANGEMENT,Engineering,,O20225-C-BM-CS-AR-0024,72.00,100.00,0.00,0.00,72.00,,
O20225 - (Solid Pitch Handing - Vizag),31-Dec-2020,169,ELECTRICAL,Engineering,,,0.00,100.00,0.00,0.00,0.00,,
O20225 - (Solid Pitch Handing - Vizag),31-Dec-2020,170,ELECTRICAL EQUIPMENT AND CABLE TRAY LAYOUT IN TLS,Engineering,,O20225-E-BM-CS-DD-0032,156.00,100.00,0.00,0.00,156.00,206.50,0.00
O20225 - (Solid Pitch Handing - Vizag),31-Dec-2020,171,EARTHING & LIGHTNING LAYOUT IN TLS,Engineering,,O20225-E-BM-CS-DD-0072,104.00,100.00,0.00,0.00,104.00,4.00,0.00
O20225 - (Solid Pitch Handing - Vizag),31-Dec-2020,172,ILLUMINATION LAYOUT IN TLS,Engineering,,O20225-E-BM-CS-DD-0034,104.00,100.00,0.00,0.00,104.00,62.00,0.00
O20225 - (Solid Pitch Handing - Vizag),31-Dec-2020,173,OVERALL CABLE ROUTING LAYOUT-TLS AREA,Engineering,,O20225-E-BM-CS-DD-0071,104.00,100.00,0.00,0.00,104.00,53.50,0.00
O20225 - (Solid Pitch Handing - Vizag),31-Dec-2020,174,C & I,Engineering,,,0.00,26.83,0.00,0.00,0.00,,
O20225 - (Solid Pitch Handing - Vizag),31-Dec-2020,175,EQUIPMENT LAYOUT OF TRUCK LOADING OPERATOR ROOM,Engineering,,O20225-I-BM-CS-DE-0102,55.00,97.78,0.00,0.00,53.78,,
O20225 - (Solid Pitch Handing - Vizag),31-Dec-2020,176,DATASHEETS FOR LEVEL TRANSMITTER,Engineering,,O20225-I-BM-CS-VD-0215,7.00,26.83,0.00,0.00,1.88,,
O20225 - (Solid Pitch Handing - Vizag),31-Dec-2020,177,BELT FEEDER -1 & 2,Engineering,,,0.00,69.47,10.18,0.00,0.00,,
O20225 - (Solid Pitch Handing - Vizag),31-Dec-2020,178,ENGINEERING,Engineering,,,0.00,100.00,0.00,0.00,0.00,,
O20225 - (Solid Pitch Handing - Vizag),31-Dec-2020,179,MECHANICAL,Engineering,,,0.00,100.00,0.00,0.00,0.00,,
O20225 - (Solid Pitch Handing - Vizag),31-Dec-2020,180,"GA & LOAD DATA OF BELT FEEDER, BF-1 & 2",Engineering,,O20225-M-BM-CS-GA-0015,100.00,100.00,0.00,0.00,100.00,4.00,0.00
O20225 - (Solid Pitch Handing - Vizag),31-Dec-2020,181,REVERSIBLE BELT FEEDER RBF-1 & 2,Engineering,,,0.00,62.37,19.02,0.00,0.00,,
O20225 - (Solid Pitch Handing - Vizag),31-Dec-2020,182,ENGINEERING,Engineering,,,0.00,54.12,0.00,0.00,0.00,,
O20225 - (Solid Pitch Handing - Vizag),31-Dec-2020,183,MECHANICAL,Engineering,,,0.00,54.12,0.00,0.00,0.00,,
O20225 - (Solid Pitch Handing - Vizag),31-Dec-2020,184,"GA & LOAD DATA OF REVERSIBLE BELT FEEDER, RBF-1 & 2",Engineering,,O20225-M-BM-CS-GA-0016,100.00,54.12,0.00,0.00,54.12,4.00,0.00
O20225 - (Solid Pitch Handing - Vizag),31-Dec-2020,185,Rail Loading system,Engineering,,,0.00,45.08,9.80,0.00,0.00,,
O20225 - (Solid Pitch Handing - Vizag),31-Dec-2020,186,TRANSFER TOWER-2,Engineering,,,0.00,33.10,7.44,0.00,0.00,,
O20225 - (Solid Pitch Handing - Vizag),31-Dec-2020,187,ENGINEERING,Engineering,,,0.00,99.56,0.00,0.00,0.00,,
O20225 - (Solid Pitch Handing - Vizag),31-Dec-2020,188,MECHANICAL,Engineering,,,0.00,100.00,0.00,0.00,0.00,,
O20225 - (Solid Pitch Handing - Vizag),31-Dec-2020,189,GA & LOAD DATA OF TT-2,Engineering,,O20225-M-BM-CS-GA-0018,100.00,100.00,0.00,0.00,100.00,47.00,0.00
O20225 - (Solid Pitch Handing - Vizag),31-Dec-2020,190,CIVIL,Engineering,,,0.00,100.00,0.00,0.00,0.00,,
O20225 - (Solid Pitch Handing - Vizag),31-Dec-2020,191,TT-2 : DESIGN CALCULATION OF SUBSTRUCTURE,Engineering,,O20225-C-BM-CS-DC-0053,112.00,100.00,0.00,0.00,112.00,,
O20225 - (Solid Pitch Handing - Vizag),31-Dec-2020,192,TT-2 : PILE LAYOUT,Engineering,,O20225-C-BM-CS-NR-0054,36.00,100.00,0.00,0.00,36.00,,
O20225 - (Solid Pitch Handing - Vizag),31-Dec-2020,193,TT-2 : NUM & RC DETAILS,Engineering,,O20225-C-BM-CS-NR-0055,36.00,100.00,0.00,0.00,36.00,,
O20225 - (Solid Pitch Handing - Vizag),31-Dec-2020,194,TT-2 : NUM & RC DETAILS- GRADE SLAB,Engineering,,O20225-C-BM-CS-NR-0056,36.00,100.00,0.00,0.00,36.00,,
O20225 - (Solid Pitch Handing - Vizag),31-Dec-2020,195,STRUCTURAL,Engineering,,,0.00,100.00,0.00,0.00,0.00,,
O20225 - (Solid Pitch Handing - Vizag),31-Dec-2020,196,TT-2 : DESIGN CALCULATION OF SUPER-STRUCTURE,Engineering,,O20225-C-BM-CS-DC-0057,224.00,100.00,0.00,0.00,224.00,,
O20225 - (Solid Pitch Handing - Vizag),31-Dec-2020,197,TT-2 : STRUCTURAL GA DRAWINGS,Engineering,,O20225-C-BM-CS-GA-0058,72.00,100.00,0.00,0.00,72.00,16.00,0.00
O20225 - (Solid Pitch Handing - Vizag),31-Dec-2020,198,TT-2 : STRUCTURAL GA DRAWINGS,Engineering,,O20225-C-BM-CS-GA-0059,72.00,100.00,0.00,0.00,72.00,,
O20225 - (Solid Pitch Handing - Vizag),31-Dec-2020,199,TT-2 : STRUCTURAL GA DRAWINGS OF BAG FILTER,Engineering,,O20225-C-BM-CS-GA-0060,36.00,100.00,0.00,0.00,36.00,,
O20225 - (Solid Pitch Handing - Vizag),31-Dec-2020,200,TT-2 : SHEETING ARRANGEMENT,Engineering,,O20225-C-BM-CS-AR-0061,36.00,100.00,0.00,0.00,36.00,,
O20225 - (Solid Pitch Handing - Vizag),31-Dec-2020,201,ELECTRICAL,Engineering,,,0.00,100.00,0.00,0.00,0.00,,
O20225 - (Solid Pitch Handing - Vizag),31-Dec-2020,202,ELECTRICAL EQUIPMENT AND CABLE TRAY LAYOUT IN TT-2,Engineering,,O20225-E-BM-CS-DD-0035,104.00,100.00,0.00,0.00,104.00,21.50,0.00
O20225 - (Solid Pitch Handing - Vizag),31-Dec-2020,203,EARTHING & LIGHTNING LAYOUT IN TT-2,Engineering,,O20225-E-BM-CS-DD-0036,52.00,100.00,0.00,0.00,52.00,,
O20225 - (Solid Pitch Handing - Vizag),31-Dec-2020,204,ILLUMINATION LAYOUT IN TT-2,Engineering,,O20225-E-BM-CS-DD-0037,104.00,100.00,0.00,0.00,104.00,16.00,0.00
O20225 - (Solid Pitch Handing - Vizag),31-Dec-2020,205,C & I,Engineering,,,0.00,36.59,0.00,0.00,0.00,,
O20225 - (Solid Pitch Handing - Vizag),31-Dec-2020,206,DATASHEETS FOR CHUTE BLOCK SWITCH,Engineering,,B016-RUF-LT-504-IN-DS-LMMH(1)-13033,7.00,36.59,0.00,0.00,2.56,,
O20225 - (Solid Pitch Handing - Vizag),31-Dec-2020,207,BELT CONVEYOR BC-2,Engineering,,,0.00,45.96,11.67,0.00,0.00,,
O20225 - (Solid Pitch Handing - Vizag),31-Dec-2020,208,ENGINEERING,Engineering,,,0.00,100.00,0.00,0.00,0.00,,
O20225 - (Solid Pitch Handing - Vizag),31-Dec-2020,209,MECHANICAL,Engineering,,,0.00,100.00,0.00,0.00,0.00,,
O20225 - (Solid Pitch Handing - Vizag),31-Dec-2020,210,GA & LOAD DATA OF CONV. BC-2,Engineering,,O20225-M-BM-CS-GA-0011,100.00,100.00,0.00,0.00,100.00,34.00,0.00
O20225 - (Solid Pitch Handing - Vizag),31-Dec-2020,211,STRUCTURAL,Engineering,,,0.00,100.00,0.00,0.00,0.00,,
O20225 - (Solid Pitch Handing - Vizag),31-Dec-2020,212,CONVEYOR BC-2 : DESIGN CALCULATION OF SUPER-STRUCTURE,Engineering,,O20225-C-BM-CS-DC-0096,80.00,100.00,0.00,0.00,80.00,12.00,0.00
O20225 - (Solid Pitch Handing - Vizag),31-Dec-2020,213,CONVEYOR BC-2 : STRUCTURAL GA DRAWINGS,Engineering,,O20225-C-BM-CS-GA-0097,36.00,100.00,0.00,0.00,36.00,32.00,0.00
O20225 - (Solid Pitch Handing - Vizag),31-Dec-2020,214,CONVEYOR BC-2 : SHEETING ARRANGEMENT,Engineering,,O20225-C-BM-CS-AR-0098,36.00,100.00,0.00,0.00,36.00,,
O20225 - (Solid Pitch Handing - Vizag),31-Dec-2020,215,ELECTRICAL,Engineering,,,0.00,100.00,0.00,0.00,0.00,,
O20225 - (Solid Pitch Handing - Vizag),31-Dec-2020,216,"ELECTRICAL EQUIPMENT, CABLE TRAY, EARTHING & LIGHTNING LAYOUT IN CONV BC 2",Engineering,,O20225-E-BM-CS-DD-0054,52.00,100.00,0.00,0.00,52.00,1.50,0.00
O20225 - (Solid Pitch Handing - Vizag),31-Dec-2020,217,ILLUMINATION LAYOUT IN CONV BC 2,Engineering,,O20225-E-BM-CS-DD-0055,52.00,100.00,0.00,0.00,52.00,13.00,0.00
O20225 - (Solid Pitch Handing - Vizag),31-Dec-2020,218,TRANSFER TOWER-3,Engineering,,,0.00,28.90,7.42,0.00,0.00,,
O20225 - (Solid Pitch Handing - Vizag),31-Dec-2020,219,ENGINEERING,Engineering,,,0.00,99.11,0.00,0.00,0.00,,
O20225 - (Solid Pitch Handing - Vizag),31-Dec-2020,220,MECHANICAL,Engineering,,,0.00,100.00,0.00,0.00,0.00,,
O20225 - (Solid Pitch Handing - Vizag),31-Dec-2020,221,"GA & LOAD DATA OF TT-3 & RAIL LOADING STATION, RLS-1",Engineering,,O20225-M-BM-CS-GA-0019,300.00,100.00,0.00,0.00,300.00,63.00,0.00
O20225 - (Solid Pitch Handing - Vizag),31-Dec-2020,222,CIVIL,Engineering,,,0.00,100.00,0.00,0.00,0.00,,
O20225 - (Solid Pitch Handing - Vizag),31-Dec-2020,223,TT-3 : DESIGN CALCULATION OF SUBSTRUCTURE,Engineering,,O20225-C-BM-CS-DC-0025,128.00,100.00,0.00,0.00,128.00,,
O20225 - (Solid Pitch Handing - Vizag),31-Dec-2020,224,TT-3 : PILE LAYOUT,Engineering,,O20225-C-BM-CS-NR-0026,36.00,100.00,0.00,0.00,36.00,,
O20225 - (Solid Pitch Handing - Vizag),31-Dec-2020,225,TT-3 : NUM & RC DETAILS,Engineering,,O20225-C-BM-CS-NR-0027,36.00,100.00,0.00,0.00,36.00,,
O20225 - (Solid Pitch Handing - Vizag),31-Dec-2020,226,TT-3 : NUM & RC DETAILS- GRADE SLAB,Engineering,,O20225-C-BM-CS-NR-0028,36.00,100.00,0.00,0.00,36.00,,
O20225 - (Solid Pitch Handing - Vizag),31-Dec-2020,227,STRUCTURAL,Engineering,,,0.00,100.00,0.00,0.00,0.00,,
O20225 - (Solid Pitch Handing - Vizag),31-Dec-2020,228,TT-3 : DESIGN CALCULATION OF SUPER-STRUCTURE,Engineering,,O20225-C-BM-CS-DC-0029,336.00,100.00,0.00,0.00,336.00,,
O20225 - (Solid Pitch Handing - Vizag),31-Dec-2020,229,TT-3 : STRUCTURAL GA DRAWINGS,Engineering,,O20225-C-BM-CS-GA-0030,144.00,100.00,0.00,0.00,144.00,,
O20225 - (Solid Pitch Handing - Vizag),31-Dec-2020,230,TT-3 : STRUCTURAL GA DRAWINGS,Engineering,,O20225-C-BM-CS-GA-0031,144.00,100.00,0.00,0.00,144.00,,
O20225 - (Solid Pitch Handing - Vizag),31-Dec-2020,231,TT-3 : STRUCTURAL GA DRAWINGS OF BAG FILTER,Engineering,,O20225-C-BM-CS-GA-0032,36.00,100.00,0.00,0.00,36.00,,
O20225 - (Solid Pitch Handing - Vizag),31-Dec-2020,232,TT-3 : SHEETING ARRANGEMENT,Engineering,,O20225-C-BM-CS-AR-0033,36.00,100.00,0.00,0.00,36.00,,
O20225 - (Solid Pitch Handing - Vizag),31-Dec-2020,233,ELECTRICAL,Engineering,,,0.00,97.56,0.00,0.00,0.00,,
O20225 - (Solid Pitch Handing - Vizag),31-Dec-2020,234,ELECTRICAL EQUIPMENT AND CABLE TRAY LAYOUT IN TT-3,Engineering,,O20225-E-BM-CS-DD-0038,104.00,100.00,0.00,0.00,104.00,37.00,0.00
O20225 - (Solid Pitch Handing - Vizag),31-Dec-2020,235,EARTHING & LIGHTNING LAYOUT IN TT-3,Engineering,,O20225-E-BM-CS-DD-0039,52.00,100.00,0.00,0.00,52.00,,
O20225 - (Solid Pitch Handing - Vizag),31-Dec-2020,236,ILLUMINATION LAYOUT IN TT-3,Engineering,,O20225-E-BM-CS-DD-0040,104.00,92.68,0.00,0.00,96.39,,
O20225 - (Solid Pitch Handing - Vizag),31-Dec-2020,237,C & I,Engineering,,,0.00,0.00,0.00,0.00,0.00,,
O20225 - (Solid Pitch Handing - Vizag),31-Dec-2020,238,PIPE CONVEYOR PC-1,Engineering,,,0.00,64.13,8.96,0.00,0.00,,
O20225 - (Solid Pitch Handing - Vizag),31-Dec-2020,239,ENGINEERING,Engineering,,,0.00,94.77,0.00,0.00,0.00,,
O20225 - (Solid Pitch Handing - Vizag),31-Dec-2020,240,MECHANICAL,Engineering,,,0.00,74.44,0.00,0.00,0.00,,
O20225 - (Solid Pitch Handing - Vizag),31-Dec-2020,241,GA & LOAD DATA OF PIPE CONV PC-1,Engineering,,O20225-M-BM-CS-GA-0010,200.00,74.44,0.00,0.00,148.89,155.00,0.00
O20225 - (Solid Pitch Handing - Vizag),31-Dec-2020,242,CIVIL,Engineering,,,0.00,100.00,0.00,0.00,0.00,,
O20225 - (Solid Pitch Handing - Vizag),31-Dec-2020,243,PIPE CONVEYOR PC-1 : DESIGN CALCULATION OF SUBSTRUCTURE,Engineering,,O20225-C-BM-CS-DC-0072,224.00,100.00,0.00,0.00,224.00,,
O20225 - (Solid Pitch Handing - Vizag),31-Dec-2020,244,PIPE CONVEYOR PC-1 : PILE LAYOUT,Engineering,,O20225-C-BM-CS-NR-0073,180.00,37.78,0.00,0.00,68.00,,
O20225 - (Solid Pitch Handing - Vizag),31-Dec-2020,245,PIPE CONVEYOR PC-1 : NUM & RC DETAILS,Engineering,,O20225-C-BM-CS-NR-0074,144.00,100.00,0.00,0.00,144.00,,
O20225 - (Solid Pitch Handing - Vizag),31-Dec-2020,246,PIPE CONVEYOR PC-1 : NUM & RC DETAILS,Engineering,,O20225-C-BM-CS-NR-0075,144.00,100.00,0.00,0.00,144.00,,
O20225 - (Solid Pitch Handing - Vizag),31-Dec-2020,247,STRUCTURAL,Engineering,,,0.00,98.93,0.00,0.00,0.00,,
O20225 - (Solid Pitch Handing - Vizag),31-Dec-2020,248,PIPE CONVEYOR PC-1 : DESIGN CALCULATION OF SUPER-STRUCTURE,Engineering,,O20225-C-BM-CS-DC-0076,392.00,55.56,0.00,0.00,217.78,,
O20225 - (Solid Pitch Handing - Vizag),31-Dec-2020,249,PIPE CONVEYOR PC-1 : STRUCTURAL GA DRAWINGS,Engineering,,O20225-C-BM-CS-GA-0077,180.00,100.00,0.00,0.00,180.00,,
O20225 - (Solid Pitch Handing - Vizag),31-Dec-2020,250,PIPE CONVEYOR PC-1 : STRUCTURAL GA DRAWINGS,Engineering,,O20225-C-BM-CS-GA-0078,180.00,100.00,0.00,0.00,180.00,,
O20225 - (Solid Pitch Handing - Vizag),31-Dec-2020,251,PIPE CONVEYOR PC-1 : STRUCTURAL GA DRAWINGS,Engineering,,O20225-C-BM-CS-GA-0079,180.00,100.00,0.00,0.00,180.00,,
O20225 - (Solid Pitch Handing - Vizag),31-Dec-2020,252,PIPE CONVEYOR PC-1 : SHEETING ARRANGEMENT,Engineering,,O20225-C-BM-CS-AR-0080,72.00,100.00,0.00,0.00,72.00,,
O20225 - (Solid Pitch Handing - Vizag),31-Dec-2020,253,ELECTRICAL,Engineering,,,0.00,100.00,0.00,0.00,0.00,,
O20225 - (Solid Pitch Handing - Vizag),31-Dec-2020,254,"ELECTRICAL EQUIPMENT, CABLE TRAY, EARTHING & LIGHTNING LAYOUT IN PIPE CONV PC-1",Engineering,,O20225-E-BM-CS-DD-0052,104.00,100.00,0.00,0.00,104.00,,
O20225 - (Solid Pitch Handing - Vizag),31-Dec-2020,255,ILLUMINATION LAYOUT IN PIPE CONV PC-1,Engineering,,O20225-E-BM-CS-DD-0053,156.00,100.00,0.00,0.00,156.00,16.00,0.00
O20225 - (Solid Pitch Handing - Vizag),31-Dec-2020,256,RAIL LOADING STATION RLS-1,Engineering,,,0.00,61.43,12.35,0.00,0.00,,
O20225 - (Solid Pitch Handing - Vizag),31-Dec-2020,257,ENGINEERING,Engineering,,,0.00,48.43,0.00,0.00,0.00,,
O20225 - (Solid Pitch Handing - Vizag),31-Dec-2020,258,MECHANICAL,Engineering,,,0.00,0.00,0.00,0.00,0.00,,
O20225 - (Solid Pitch Handing - Vizag),31-Dec-2020,259,GA & LOAD DATA OF RAIL LOADING STATION-1,Engineering,,O20225-M-BM-CS-GA-0021,250.00,0.00,0.00,0.00,0.00,8.00,0.00
O20225 - (Solid Pitch Handing - Vizag),31-Dec-2020,260,CIVIL,Engineering,,,0.00,94.00,0.00,0.00,0.00,,
O20225 - (Solid Pitch Handing - Vizag),31-Dec-2020,261,RLS-1 : DESIGN CALCULATION OF SUBSTRUCTURE,Engineering,,O20225-C-BM-CS-DC-0034,224.00,24.59,0.00,0.00,55.08,,
O20225 - (Solid Pitch Handing - Vizag),31-Dec-2020,262,RLS-1 : PILE LAYOUT,Engineering,,O20225-C-BM-CS-NR-0035,36.00,100.00,0.00,0.00,36.00,,
O20225 - (Solid Pitch Handing - Vizag),31-Dec-2020,263,RLS-1 : NUM & RC DETAILS,Engineering,,O20225-C-BM-CS-NR-0036,36.00,100.00,0.00,0.00,36.00,,
O20225 - (Solid Pitch Handing - Vizag),31-Dec-2020,264,RLS-1 : NUM & RC DETAILS- GRADE SLAB,Engineering,,O20225-C-BM-CS-NR-0037,36.00,50.67,0.00,0.00,18.24,,
O20225 - (Solid Pitch Handing - Vizag),31-Dec-2020,265,STRUCTURAL,Engineering,,,0.00,74.89,0.00,0.00,0.00,,
O20225 - (Solid Pitch Handing - Vizag),31-Dec-2020,266,RLS-1 : DESIGN CALCULATION OF SUPER-STRUCTURE,Engineering,,O20225-C-BM-CS-DC-0038,336.00,2.50,0.00,0.00,8.40,,
O20225 - (Solid Pitch Handing - Vizag),31-Dec-2020,267,RLS-1 : STRUCTURAL GA DRAWINGS,Engineering,,O20225-C-BM-CS-GA-0039,144.00,33.91,0.00,0.00,48.83,,
O20225 - (Solid Pitch Handing - Vizag),31-Dec-2020,268,RLS-1 : STRUCTURAL GA DRAWINGS,Engineering,,O20225-C-BM-CS-GA-0040,144.00,0.00,0.00,0.00,0.00,,
O20225 - (Solid Pitch Handing - Vizag),31-Dec-2020,269,RLS-1 : STRUCTURAL GA DRAWINGS OF HOPPER,Engineering,,O20225-C-BM-CS-GA-0041,36.00,16.11,0.00,0.00,5.80,48.00,0.00
O20225 - (Solid Pitch Handing - Vizag),31-Dec-2020,270,RLS-1 : STRUCTURAL GA DRAWINGS OF BAG FILTER,Engineering,,O20225-C-BM-CS-GA-0042,36.00,100.00,0.00,0.00,36.00,,
O20225 - (Solid Pitch Handing - Vizag),31-Dec-2020,271,RLS-1 : SHEETING ARRANGEMENT,Engineering,,O20225-C-BM-CS-AR-0043,36.00,100.00,0.00,0.00,36.00,,
O20225 - (Solid Pitch Handing - Vizag),31-Dec-2020,272,ELECTRICAL,Engineering,,,0.00,4.44,0.00,0.00,0.00,,
O20225 - (Solid Pitch Handing - Vizag),31-Dec-2020,273,ELECTRICAL EQUIPMENT AND CABLE TRAY LAYOUT IN RLS-1,Engineering,,O20225-E-BM-CS-DD-0044,104.00,4.44,0.00,0.00,4.62,1.50,0.00
O20225 - (Solid Pitch Handing - Vizag),31-Dec-2020,274,EARTHING & LIGHTNING LAYOUT IN RLS-1,Engineering,,O20225-E-BM-CS-DD-0045,104.00,25.26,0.00,0.00,26.27,,
O20225 - (Solid Pitch Handing - Vizag),31-Dec-2020,275,ILLUMINATION LAYOUT IN RLS-1,Engineering,,O20225-E-BM-CS-DD-0046,104.00,0.00,0.00,0.00,0.00,,
O20225 - (Solid Pitch Handing - Vizag),31-Dec-2020,276,C & I,Engineering,,,0.00,0.00,0.00,0.00,0.00,,
O20225 - (Solid Pitch Handing - Vizag),31-Dec-2020,277,EQUIPMENT LAYOUT OF RAIL LOADING OPERATOR ROOM,Engineering,,O20225-I-BM-CS-DE-0103,110.00,0.00,0.00,0.00,0.00,,
O20225 - (Solid Pitch Handing - Vizag),31-Dec-2020,278,EQUIPMENT LAYOUT OF IN MOTION WEIGH BRIDGE CONTROL ROOM,Engineering,,O20225-I-BM-CS-DE-0104,55.00,0.00,0.00,0.00,0.00,,
O20225 - (Solid Pitch Handing - Vizag),31-Dec-2020,279,BELT CONVEYOR BC-3,Engineering,,,0.00,62.52,15.56,0.00,0.00,,
O20225 - (Solid Pitch Handing - Vizag),31-Dec-2020,280,ENGINEERING,Engineering,,,0.00,100.00,0.00,0.00,0.00,,
O20225 - (Solid Pitch Handing - Vizag),31-Dec-2020,281,MECHANICAL,Engineering,,,0.00,100.00,0.00,0.00,0.00,,
O20225 - (Solid Pitch Handing - Vizag),31-Dec-2020,282,"GA & LOAD DATA OF BELT FEEDER, BF-3",Engineering,,O20225-M-BM-CS-GA-0012,100.00,100.00,0.00,0.00,100.00,8.00,0.00
O20225 - (Solid Pitch Handing - Vizag),31-Dec-2020,283,STRUCTURAL,Engineering,,,0.00,100.00,0.00,0.00,0.00,,
O20225 - (Solid Pitch Handing - Vizag),31-Dec-2020,284,CONVEYOR BC-3 : DESIGN CALCULATION OF SUPER-STRUCTURE,Engineering,,O20225-C-BM-CS-DC-0081,80.00,100.00,0.00,0.00,80.00,,
O20225 - (Solid Pitch Handing - Vizag),31-Dec-2020,285,CONVEYOR BC-3 : STRUCTURAL GA DRAWINGS,Engineering,,O20225-C-BM-CS-GA-0082,36.00,100.00,0.00,0.00,36.00,,
O20225 - (Solid Pitch Handing - Vizag),31-Dec-2020,286,CONVEYOR BC-3 : SHEETING ARRANGEMENT,Engineering,,O20225-C-BM-CS-AR-0083,36.00,100.00,0.00,0.00,36.00,,
O20225 - (Solid Pitch Handing - Vizag),31-Dec-2020,287,ELECTRICAL,Engineering,,,0.00,100.00,0.00,0.00,0.00,,
O20225 - (Solid Pitch Handing - Vizag),31-Dec-2020,288,"ELECTRICAL EQUIPMENT, CABLE TRAY, EARTHING & LIGHTNING LAYOUT IN CONV BC 3",Engineering,,O20225-E-BM-CS-DD-0056,52.00,100.00,0.00,0.00,52.00,1.50,0.00
O20225 - (Solid Pitch Handing - Vizag),31-Dec-2020,289,ILLUMINATION LAYOUT IN CONV BC 3,Engineering,,O20225-E-BM-CS-DD-0057,52.00,100.00,0.00,0.00,52.00,,
O20225 - (Solid Pitch Handing - Vizag),31-Dec-2020,290,TRANSFER TOWER-4,Engineering,,,0.00,28.53,7.33,0.00,0.00,,
O20225 - (Solid Pitch Handing - Vizag),31-Dec-2020,291,ENGINEERING,Engineering,,,0.00,98.03,0.00,0.00,0.00,,
O20225 - (Solid Pitch Handing - Vizag),31-Dec-2020,292,MECHANICAL,Engineering,,,0.00,100.00,0.00,0.00,0.00,,
O20225 - (Solid Pitch Handing - Vizag),31-Dec-2020,293,"GA & LOAD DATA OF TT-4 & RAIL LOADING STATION, RLS-2",Engineering,,O20225-M-BM-CS-GA-0020,250.00,100.00,0.00,0.00,250.00,28.00,0.00
O20225 - (Solid Pitch Handing - Vizag),31-Dec-2020,294,CIVIL,Engineering,,,0.00,100.00,0.00,0.00,0.00,,
O20225 - (Solid Pitch Handing - Vizag),31-Dec-2020,295,TT-4 : DESIGN CALCULATION OF SUBSTRUCTURE,Engineering,,O20225-C-BM-CS-DC-0044,112.00,100.00,0.00,0.00,112.00,,
O20225 - (Solid Pitch Handing - Vizag),31-Dec-2020,296,TT-4 : PILE LAYOUT,Engineering,,O20225-C-BM-CS-NR-0045,36.00,100.00,0.00,0.00,36.00,,
O20225 - (Solid Pitch Handing - Vizag),31-Dec-2020,297,TT-4 : NUM & RC DETAILS,Engineering,,O20225-C-BM-CS-NR-0046,36.00,100.00,0.00,0.00,36.00,,
O20225 - (Solid Pitch Handing - Vizag),31-Dec-2020,298,TT-4 : NUM & RC DETAILS- GRADE SLAB,Engineering,,O20225-C-BM-CS-NR-0047,36.00,100.00,0.00,0.00,36.00,,
O20225 - (Solid Pitch Handing - Vizag),31-Dec-2020,299,STRUCTURAL,Engineering,,,0.00,100.00,0.00,0.00,0.00,,
O20225 - (Solid Pitch Handing - Vizag),31-Dec-2020,300,TT-4 : DESIGN CALCULATION OF SUPER-STRUCTURE,Engineering,,O20225-C-BM-CS-DC-0048,336.00,100.00,0.00,0.00,336.00,,
O20225 - (Solid Pitch Handing - Vizag),31-Dec-2020,301,TT-4 : STRUCTURAL GA DRAWINGS,Engineering,,O20225-C-BM-CS-GA-0049,144.00,100.00,0.00,0.00,144.00,,
O20225 - (Solid Pitch Handing - Vizag),31-Dec-2020,302,TT-4 : STRUCTURAL GA DRAWINGS,Engineering,,O20225-C-BM-CS-GA-0050,144.00,100.00,0.00,0.00,144.00,,
O20225 - (Solid Pitch Handing - Vizag),31-Dec-2020,303,TT-4 : STRUCTURAL GA DRAWINGS OF BAG FILTER,Engineering,,O20225-C-BM-CS-GA-0051,36.00,100.00,0.00,0.00,36.00,,
O20225 - (Solid Pitch Handing - Vizag),31-Dec-2020,304,TT-4 : SHEETING ARRANGEMENT,Engineering,,O20225-C-BM-CS-AR-0052,36.00,100.00,0.00,0.00,36.00,,
O20225 - (Solid Pitch Handing - Vizag),31-Dec-2020,305,ELECTRICAL,Engineering,,,0.00,91.87,0.00,0.00,0.00,,
O20225 - (Solid Pitch Handing - Vizag),31-Dec-2020,306,ELECTRICAL EQUIPMENT AND CABLE TRAY LAYOUT IN TT-4,Engineering,,O20225-E-BM-CS-DD-0041,104.00,100.00,0.00,0.00,104.00,33.50,0.00
O20225 - (Solid Pitch Handing - Vizag),31-Dec-2020,307,EARTHING & LIGHTNING LAYOUT IN TT-4,Engineering,,O20225-E-BM-CS-DD-0042,52.00,100.00,0.00,0.00,52.00,,
O20225 - (Solid Pitch Handing - Vizag),31-Dec-2020,308,ILLUMINATION LAYOUT IN TT-4,Engineering,,O20225-E-BM-CS-DD-0043,104.00,75.61,0.00,0.00,78.63,,
O20225 - (Solid Pitch Handing - Vizag),31-Dec-2020,309,C & I,Engineering,,,0.00,0.00,0.00,0.00,0.00,,
O20225 - (Solid Pitch Handing - Vizag),31-Dec-2020,310,BELT CONVEYOR BC-4,Engineering,,,0.00,45.86,9.81,0.00,0.00,,
O20225 - (Solid Pitch Handing - Vizag),31-Dec-2020,311,ENGINEERING,Engineering,,,0.00,37.45,0.00,0.00,0.00,,
O20225 - (Solid Pitch Handing - Vizag),31-Dec-2020,312,MECHANICAL,Engineering,,,0.00,0.00,0.00,0.00,0.00,,
O20225 - (Solid Pitch Handing - Vizag),31-Dec-2020,313,GA & LOAD DATA OF CONV. BC-4,Engineering,,O20225-M-BM-CS-GA-0013,100.00,0.00,0.00,0.00,0.00,38.00,0.00
O20225 - (Solid Pitch Handing - Vizag),31-Dec-2020,314,CIVIL,Engineering,,,0.00,93.46,0.00,0.00,0.00,,
O20225 - (Solid Pitch Handing - Vizag),31-Dec-2020,315,CONVEYOR BC-4 : DESIGN CALCULATION OF SUBSTRUCTURE,Engineering,,O20225-C-BM-CS-DC-0084,168.00,0.00,0.00,0.00,0.00,,
O20225 - (Solid Pitch Handing - Vizag),31-Dec-2020,316,CONVEYOR BC-4 : PILE LAYOUT,Engineering,,O20225-C-BM-CS-NR-0085,108.00,100.00,0.00,0.00,108.00,,
O20225 - (Solid Pitch Handing - Vizag),31-Dec-2020,317,CONVEYOR BC-4 : NUM & RC DETAILS,Engineering,,O20225-C-BM-CS-NR-0086,108.00,0.00,0.00,0.00,0.00,,
O20225 - (Solid Pitch Handing - Vizag),31-Dec-2020,318,CONVEYOR BC-4 : NUM & RC DETAILS,Engineering,,O20225-C-BM-CS-NR-0087,108.00,0.00,0.00,0.00,0.00,,
O20225 - (Solid Pitch Handing - Vizag),31-Dec-2020,319,STRUCTURAL,Engineering,,,0.00,0.00,0.00,0.00,0.00,,
O20225 - (Solid Pitch Handing - Vizag),31-Dec-2020,320,CONVEYOR BC-4 : DESIGN CALCULATION OF SUPER-STRUCTURE,Engineering,,O20225-C-BM-CS-DC-0088,280.00,0.00,0.00,0.00,0.00,16.00,0.00
O20225 - (Solid Pitch Handing - Vizag),31-Dec-2020,321,CONVEYOR BC-4 : STRUCTURAL GA DRAWINGS,Engineering,,O20225-C-BM-CS-GA-0089,144.00,0.00,0.00,0.00,0.00,13.00,0.00
O20225 - (Solid Pitch Handing - Vizag),31-Dec-2020,322,CONVEYOR BC-4 : STRUCTURAL GA DRAWINGS,Engineering,,O20225-C-BM-CS-GA-0090,144.00,0.00,0.00,0.00,0.00,40.00,0.00
O20225 - (Solid Pitch Handing - Vizag),31-Dec-2020,323,CONVEYOR BC-4 : STRUCTURAL GA DRAWINGS,Engineering,,O20225-C-BM-CS-GA-0091,144.00,0.00,0.00,0.00,0.00,,
O20225 - (Solid Pitch Handing - Vizag),31-Dec-2020,324,CONVEYOR BC-4 : SHEETING ARRANGEMENT,Engineering,,O20225-C-BM-CS-AR-0092,108.00,0.00,0.00,0.00,0.00,,
O20225 - (Solid Pitch Handing - Vizag),31-Dec-2020,325,ELECTRICAL,Engineering,,,0.00,100.00,0.00,0.00,0.00,,
O20225 - (Solid Pitch Handing - Vizag),31-Dec-2020,326,"ELECTRICAL EQUIPMENT, CABLE TRAY, EARTHING & LIGHTNING LAYOUT IN CONV BC 4",Engineering,,O20225-E-BM-CS-DD-0058,104.00,100.00,0.00,0.00,104.00,1.50,0.00
O20225 - (Solid Pitch Handing - Vizag),31-Dec-2020,327,ILLUMINATION LAYOUT IN CONV BC 4,Engineering,,O20225-E-BM-CS-DD-0059,156.00,100.00,0.00,0.00,156.00,17.00,0.00
O20225 - (Solid Pitch Handing - Vizag),31-Dec-2020,328,RAIL LOADING STATION RLS-2,Engineering,,,0.00,56.75,10.39,0.00,0.00,,
O20225 - (Solid Pitch Handing - Vizag),31-Dec-2020,329,ENGINEERING,Engineering,,,0.00,76.23,0.00,0.00,0.00,,
O20225 - (Solid Pitch Handing - Vizag),31-Dec-2020,330,MECHANICAL,Engineering,,,0.00,0.00,0.00,0.00,0.00,,
O20225 - (Solid Pitch Handing - Vizag),31-Dec-2020,331,GA & LOAD DATA OF RAIL LOADING STATION-2,Engineering,,O20225-M-BM-CS-GA-0022,250.00,0.00,0.00,0.00,0.00,,
O20225 - (Solid Pitch Handing - Vizag),31-Dec-2020,332,CIVIL,Engineering,,,0.00,100.00,0.00,0.00,0.00,,
O20225 - (Solid Pitch Handing - Vizag),31-Dec-2020,333,RLS-2 : DESIGN CALCULATION OF SUBSTRUCTURE,Engineering,,O20225-C-BM-CS-DC-0062,224.00,100.00,0.00,0.00,224.00,,
O20225 - (Solid Pitch Handing - Vizag),31-Dec-2020,334,RLS-2 : PILE LAYOUT,Engineering,,O20225-C-BM-CS-NR-0063,36.00,100.00,0.00,0.00,36.00,,
O20225 - (Solid Pitch Handing - Vizag),31-Dec-2020,335,RLS-2 : NUM & RC DETAILS,Engineering,,O20225-C-BM-CS-NR-0064,36.00,100.00,0.00,0.00,36.00,,
O20225 - (Solid Pitch Handing - Vizag),31-Dec-2020,336,RLS-2 : NUM & RC DETAILS- GRADE SLAB,Engineering,,O20225-C-BM-CS-NR-0065,36.00,100.00,0.00,0.00,36.00,,
O20225 - (Solid Pitch Handing - Vizag),31-Dec-2020,337,STRUCTURAL,Engineering,,,0.00,100.00,0.00,0.00,0.00,,
O20225 - (Solid Pitch Handing - Vizag),31-Dec-2020,338,RLS-2 : DESIGN CALCULATION OF SUPER-STRUCTURE,Engineering,,O20225-C-BM-CS-DC-0066,336.00,100.00,0.00,0.00,336.00,,
O20225 - (Solid Pitch Handing - Vizag),31-Dec-2020,339,RLS-2 : STRUCTURAL GA DRAWINGS,Engineering,,O20225-C-BM-CS-GA-0067,144.00,100.00,0.00,0.00,144.00,,
O20225 - (Solid Pitch Handing - Vizag),31-Dec-2020,340,RLS-2 : STRUCTURAL GA DRAWINGS,Engineering,,O20225-C-BM-CS-GA-0068,144.00,100.00,0.00,0.00,144.00,,
O20225 - (Solid Pitch Handing - Vizag),31-Dec-2020,341,RLS-2 : STRUCTURAL GA DRAWINGS OF HOPPER,Engineering,,O20225-C-BM-CS-GA-0069,36.00,100.00,0.00,0.00,36.00,,
O20225 - (Solid Pitch Handing - Vizag),31-Dec-2020,342,RLS-2 : STRUCTURAL GA DRAWINGS OF BAG FILTER,Engineering,,O20225-C-BM-CS-GA-0070,36.00,100.00,0.00,0.00,36.00,,
O20225 - (Solid Pitch Handing - Vizag),31-Dec-2020,343,RLS-2 : SHEETING ARRANGEMENT,Engineering,,O20225-C-BM-CS-AR-0071,36.00,100.00,0.00,0.00,36.00,,
O20225 - (Solid Pitch Handing - Vizag),31-Dec-2020,344,ELECTRICAL,Engineering,,,0.00,100.00,0.00,0.00,0.00,,
O20225 - (Solid Pitch Handing - Vizag),31-Dec-2020,345,ELECTRICAL EQUIPMENT AND CABLE TRAY LAYOUT IN RLS-2,Engineering,,O20225-E-BM-CS-DD-0047,104.00,100.00,0.00,0.00,104.00,4.00,0.00
O20225 - (Solid Pitch Handing - Vizag),31-Dec-2020,346,EARTHING & LIGHTNING LAYOUT IN RLS-2,Engineering,,O20225-E-BM-CS-DD-0048,104.00,100.00,0.00,0.00,104.00,,
O20225 - (Solid Pitch Handing - Vizag),31-Dec-2020,347,ILLUMINATION LAYOUT IN RLS-2,Engineering,,O20225-E-BM-CS-DD-0049,104.00,100.00,0.00,0.00,104.00,,
O20225 - (Solid Pitch Handing - Vizag),31-Dec-2020,348,C & I,Engineering,,,0.00,0.00,0.00,0.00,0.00,,
O20225 - (Solid Pitch Handing - Vizag),31-Dec-2020,349,BELT CONVEYOR BC-5,Engineering,,,0.00,71.76,13.77,0.00,0.00,,
O20225 - (Solid Pitch Handing - Vizag),31-Dec-2020,350,ENGINEERING,Engineering,,,0.00,17.16,0.00,0.00,0.00,,
O20225 - (Solid Pitch Handing - Vizag),31-Dec-2020,351,MECHANICAL,Engineering,,,0.00,0.00,0.00,0.00,0.00,,
O20225 - (Solid Pitch Handing - Vizag),31-Dec-2020,352,"GA & LOAD DATA OF BELT FEEDER, BF-5",Engineering,,O20225-M-BM-CS-GA-0014,100.00,0.00,0.00,0.00,0.00,8.00,0.00
O20225 - (Solid Pitch Handing - Vizag),31-Dec-2020,353,STRUCTURAL,Engineering,,,0.00,0.00,0.00,0.00,0.00,,
O20225 - (Solid Pitch Handing - Vizag),31-Dec-2020,354,CONVEYOR BC-5 : DESIGN CALCULATION OF SUPER-STRUCTURE,Engineering,,O20225-C-BM-CS-DC-0093,80.00,0.00,0.00,0.00,0.00,,
O20225 - (Solid Pitch Handing - Vizag),31-Dec-2020,355,CONVEYOR BC-5 : STRUCTURAL GA DRAWINGS,Engineering,,O20225-C-BM-CS-GA-0094,36.00,0.00,0.00,0.00,0.00,,
O20225 - (Solid Pitch Handing - Vizag),31-Dec-2020,356,CONVEYOR BC-5 : SHEETING ARRANGEMENT,Engineering,,O20225-C-BM-CS-AR-0095,36.00,0.00,0.00,0.00,0.00,,
O20225 - (Solid Pitch Handing - Vizag),31-Dec-2020,357,ELECTRICAL,Engineering,,,0.00,100.00,0.00,0.00,0.00,,
O20225 - (Solid Pitch Handing - Vizag),31-Dec-2020,358,"ELECTRICAL EQUIPMENT, CABLE TRAY, EARTHING & LIGHTNING LAYOUT IN CONV BC 5",Engineering,,O20225-E-BM-CS-DD-0060,52.00,100.00,0.00,0.00,52.00,,
O20225 - (Solid Pitch Handing - Vizag),31-Dec-2020,359,ILLUMINATION LAYOUT IN CONV BC 5,Engineering,,O20225-E-BM-CS-DD-0061,52.00,100.00,0.00,0.00,52.00,,
O20225 - (Solid Pitch Handing - Vizag),31-Dec-2020,360,CABLE GALLERY,Engineering,,,0.00,4.05,2.06,0.00,0.00,,
O20225 - (Solid Pitch Handing - Vizag),31-Dec-2020,361,ENGINEERING,Engineering,,,0.00,47.46,0.00,0.00,0.00,,
O20225 - (Solid Pitch Handing - Vizag),31-Dec-2020,362,CIVIL,Engineering,,,0.00,100.00,0.00,0.00,0.00,,
O20225 - (Solid Pitch Handing - Vizag),31-Dec-2020,363,CABLE GALLERY : DESIGN CALCULATION OF SUBSTRUCTURE,Engineering,,O20225-C-BM-CS-DC-0116,56.00,100.00,0.00,0.00,56.00,,
O20225 - (Solid Pitch Handing - Vizag),31-Dec-2020,364,CABLE GALLERY : NUM & RC DETAILS,Engineering,,O20225-C-BM-CS-NR-0117,36.00,100.00,0.00,0.00,36.00,,
O20225 - (Solid Pitch Handing - Vizag),31-Dec-2020,365,CABLE GALLERY : NUM & RC DETAILS,Engineering,,O20225-C-BM-CS-NR-0118,36.00,100.00,0.00,0.00,36.00,,
O20225 - (Solid Pitch Handing - Vizag),31-Dec-2020,366,STRUCTURAL,Engineering,,,0.00,16.91,0.00,0.00,0.00,,
O20225 - (Solid Pitch Handing - Vizag),31-Dec-2020,367,CABLE GALLERY : DESIGN CALCULATION OF SUPERSTRUCTURE,Engineering,,O20225-C-BM-CS-DC-0119,112.00,5.88,0.00,0.00,6.59,,
O20225 - (Solid Pitch Handing - Vizag),31-Dec-2020,368,CABLE GALLERY : STRUCTURAL GA DRAWINGS,Engineering,,O20225-C-BM-CS-GA-0120,36.00,5.88,0.00,0.00,2.12,,
O20225 - (Solid Pitch Handing - Vizag),31-Dec-2020,369,CABLE GALLERY : STRUCTURAL GA DRAWINGS,Engineering,,O20225-C-BM-CS-GA-0121,36.00,76.47,0.00,0.00,27.53,,
O20225 - (Solid Pitch Handing - Vizag),31-Dec-2020,370,CABLE GALLERY : STRUCTURAL GA DRAWINGS,Engineering,,O20225-C-BM-CS-GA-0122,36.00,76.47,0.00,0.00,27.53,,
O20225 - (Solid Pitch Handing - Vizag),31-Dec-2020,371,SUBSTATION-99,Engineering,,,0.00,24.15,10.05,0.00,0.00,16.00,0.00
O20225 - (Solid Pitch Handing - Vizag),31-Dec-2020,372,ENGINEERING,Engineering,,,0.00,4.91,0.00,0.00,0.00,,
O20225 - (Solid Pitch Handing - Vizag),31-Dec-2020,373,CIVIL,Engineering,,,0.00,0.00,0.00,0.00,0.00,,
O20225 - (Solid Pitch Handing - Vizag),31-Dec-2020,374,SUBSTATION BUILDING : ANALYSIS & DESIGN CALCULATION,Engineering,,O20225-C-BM-CS-DC-0108,392.00,0.00,0.00,0.00,0.00,,
O20225 - (Solid Pitch Handing - Vizag),31-Dec-2020,375,SUBSTATION BUILDING : PILE LAYOUT,Engineering,,O20225-C-BM-CS-NR-0109,72.00,0.00,0.00,0.00,0.00,,
O20225 - (Solid Pitch Handing - Vizag),31-Dec-2020,376,SUBSTATION BUILDING : NUM & RC DETAILS,Engineering,,O20225-C-BM-CS-NR-0110,108.00,0.00,0.00,0.00,0.00,,
O20225 - (Solid Pitch Handing - Vizag),31-Dec-2020,377,SUBSTATION BUILDING : NUM & RC DETAILS,Engineering,,O20225-C-BM-CS-NR-0111,108.00,0.00,0.00,0.00,0.00,,
O20225 - (Solid Pitch Handing - Vizag),31-Dec-2020,378,SUBSTATION BUILDING : NUM & RC DETAILS,Engineering,,O20225-C-BM-CS-NR-0112,108.00,0.00,0.00,0.00,0.00,,
O20225 - (Solid Pitch Handing - Vizag),31-Dec-2020,379,SUBSTATION BUILDING : NUM & RC DETAILS- GRADE SLAB,Engineering,,O20225-C-BM-CS-NR-0113,108.00,0.00,0.00,0.00,0.00,,
O20225 - (Solid Pitch Handing - Vizag),31-Dec-2020,380,SUBSTATION BUILDING : ARCHITECTURAL G.A. - PLAN & SCHEDULE,Engineering,,O20225-C-BM-CS-AR-0114,72.00,0.00,0.00,0.00,0.00,44.00,0.00
O20225 - (Solid Pitch Handing - Vizag),31-Dec-2020,381,SUBSTATION BUILDING : ARCHITECTURAL G.A. - SECTIONS & ELEVATIONS,Engineering,,O20225-C-BM-CS-AR-0115,72.00,0.00,0.00,0.00,0.00,48.00,0.00
O20225 - (Solid Pitch Handing - Vizag),31-Dec-2020,382,ELECTRICAL,Engineering,,,0.00,0.00,0.00,0.00,0.00,,
O20225 - (Solid Pitch Handing - Vizag),31-Dec-2020,383,LT TRANSFORMER SIZING CALCULATIONS,Engineering,,O20225-E-BM-CS-DC-0003,60.00,0.00,0.00,0.00,0.00,,
O20225 - (Solid Pitch Handing - Vizag),31-Dec-2020,384,110 V & 220V DC POWER REQUIREMENT & BATTERY SIZING CALCULATIONS,Engineering,,O20225-E-BM-CS-DC-0007,90.00,0.00,0.00,0.00,0.00,11.50,0.00
O20225 - (Solid Pitch Handing - Vizag),31-Dec-2020,385,SYSTEM ARCHETECTURE OF SUBSTATION AUTOMATION SYSTEM,Engineering,,O20225-E-BM-CS-DE-0008,30.00,0.00,0.00,0.00,0.00,31.00,0.00
O20225 - (Solid Pitch Handing - Vizag),31-Dec-2020,386,ECS IO LIST,Engineering,,O20225-E-BM-CS-IL-0009,60.00,0.00,0.00,0.00,0.00,15.00,0.00
O20225 - (Solid Pitch Handing - Vizag),31-Dec-2020,387,C & I,Engineering,,,0.00,12.87,0.00,0.00,0.00,,
O20225 - (Solid Pitch Handing - Vizag),31-Dec-2020,388,EQUIPMENT LAYOUT OF MAIN CONTROL ROOM,Engineering,,O20225-I-BM-CS-DE-0101,55.00,19.51,0.00,0.00,10.73,,
O20225 - (Solid Pitch Handing - Vizag),31-Dec-2020,389,SINGLE LINE DIAGRAM FOR UPS AND NON UPS POWER DISTRIBUTION,Engineering,,O20225-I-BM-CS-DE-0107,55.00,100.00,0.00,0.00,55.00,,
O20225 - (Solid Pitch Handing - Vizag),31-Dec-2020,390,AUTOMATION SYSTEM CONFIGURATION,Engineering,,O20225-I-BM-CS-VD-0201,3.50,100.00,0.00,0.00,3.50,,
O20225 - (Solid Pitch Handing - Vizag),31-Dec-2020,391,BILL OF MATERIAL FOR AUTOMATION SYSTEM,Engineering,,O20225-I-BM-CS-VD-0202,7.00,17.07,0.00,0.00,1.20,,
O20225 - (Solid Pitch Handing - Vizag),31-Dec-2020,392,"GA,IGA, BOM, WIRING AND POWER DISTRIBUTION DRAWING OF AUTOMATION CABINETS",Engineering,,O20225-I-BM-CS-VD-0203,84.00,17.07,0.00,0.00,14.34,,
O20225 - (Solid Pitch Handing - Vizag),31-Dec-2020,393,"GA,IGA, BOM, WIRING AND POWER DISTRIBUTION DRAWING OF AUTOMATION CONSOLES",Engineering,,O20225-I-BM-CS-VD-0204,28.00,0.00,0.00,0.00,0.00,,
O20225 - (Solid Pitch Handing - Vizag),31-Dec-2020,394,DATASHEETS OF AUTOMATION SYSTEM,Engineering,,O20225-I-BM-CS-VD-0205,70.00,0.00,0.00,0.00,0.00,,
O20225 - (Solid Pitch Handing - Vizag),31-Dec-2020,395,INPUT / OUTPUT (I/O) ASSIGNMENT FOR AUTOMATION SYSTEM,Engineering,,O20225-I-BM-CS-VD-0206,56.00,0.00,0.00,0.00,0.00,,
O20225 - (Solid Pitch Handing - Vizag),31-Dec-2020,396,GRAPHICS PAGES FOR AUTOMATION SYSTEM,Engineering,,O20225-I-BM-CS-VD-0207,70.00,0.00,0.00,0.00,0.00,,
O20225 - (Solid Pitch Handing - Vizag),31-Dec-2020,397,FAT (FACTORY ACCEPTANCE TEST) PROCEDURE FOR AUTOMATION SYSTEM,Engineering,,O20225-I-BM-CS-VD-0208,70.00,0.00,0.00,0.00,0.00,,
O20225 - (Solid Pitch Handing - Vizag),31-Dec-2020,398,SAT (SITE ACCEPTANCE TEST) PROCEDURE FOR AUTOMATION SYSTEM,Engineering,,O20225-I-BM-CS-VD-0209,70.00,0.00,0.00,0.00,0.00,,
O20225 - (Solid Pitch Handing - Vizag),31-Dec-2020,399,TOTAL POWER CONSUMPTION AND HEAT LOAD DATA FOR AUTOMATION SYSTEM,Engineering,,O20225-I-BM-CS-VD-0211,7.00,34.15,0.00,0.00,2.39,,
O20225 - (Solid Pitch Handing - Vizag),31-Dec-2020,400,VENDOR DATSHEETS FOR COMMUNICATION CABLES FOR AUTOMATION SYSTEM,Engineering,,O20225-I-BM-CS-VD-0213,7.00,0.00,0.00,0.00,0.00,,
O20225 - (Solid Pitch Handing - Vizag),31-Dec-2020,401,"SPECIFICATION / DATASHE ET CABINET GA DRAWINGS & BOM, WIRING DIAGRAM OF UPS SYSTEM",Engineering,,O20225-I-BM-CS-VD-0226,53.00,0.00,0.00,0.00,0.00,,
O20225 - (Solid Pitch Handing - Vizag),31-Dec-2020,402,"GA, IGA AND POWER DISTRIBUTION DIAGRAM OF UPS AND NON UPS ACDB AND PDB",Engineering,,O20225-I-BM-CS-VD-0227,70.00,0.00,0.00,0.00,0.00,,
O20225 - (Solid Pitch Handing - Vizag),31-Dec-2020,403,MCT FRAME LAYOUT FOR CONTROL ROOM AND OPERATOR ROOM,Engineering,,O20225-I-BM-CS-VD-0219,84.00,0.00,0.00,0.00,0.00,,
O20225 - (Solid Pitch Handing - Vizag),31-Dec-2020,404,Lighting Mast,Engineering,,,0.00,0.18,0.00,0.00,0.00,,
O20225 - (Solid Pitch Handing - Vizag),31-Dec-2020,405,PR,Engineering,,,,0.00,0.00,,,,
O20225 - (Solid Pitch Handing - Vizag),31-Dec-2020,406,Electrical,Engineering,,,,0.00,0.00,,,,
O20225 - (Solid Pitch Handing - Vizag),31-Dec-2020,407,Instrumentation,Engineering,,,,0.00,0.00,,,,
O20225 - (Solid Pitch Handing - Vizag),31-Dec-2020,408,Mechanical,Engineering,,,,0.00,0.00,,,,
O20225 - (Solid Pitch Handing - Vizag),31-Dec-2020,409,Utility,Engineering,,,,0.00,0.00,,,,
O20225 - (Solid Pitch Handing - Vizag),31-Dec-2020,410,11/0.433 kV DISTRIBUTION TRANSFORMER,Engineering,,O20225/E1/001,16.00,100.00,80.00,12.80,16.00,,
O20225 - (Solid Pitch Handing - Vizag),31-Dec-2020,411,11 kV VCB PANEL,Engineering,,O20225/E1/002,16.00,100.00,80.00,12.80,16.00,2.00,6.40
O20225 - (Solid Pitch Handing - Vizag),31-Dec-2020,412,PMCC/MCC,Engineering,,O20225/E1/003,16.00,100.00,80.00,12.80,16.00,,
O20225 - (Solid Pitch Handing - Vizag),31-Dec-2020,413,PDB,Engineering,,O20225/E1/004,16.00,100.00,80.00,12.80,16.00,,
O20225 - (Solid Pitch Handing - Vizag),31-Dec-2020,414,LT BUSDUCT,Engineering,,O20225/E1/005,16.00,100.00,80.00,12.80,16.00,,
O20225 - (Solid Pitch Handing - Vizag),31-Dec-2020,415,VVVF DRIVE,Engineering,,O20225/E1/006,16.00,100.00,80.00,12.80,16.00,,
O20225 - (Solid Pitch Handing - Vizag),31-Dec-2020,416,220 V & 110V DC BATTERY & BATTERY CHARGER,Engineering,,O20225/E1/007,16.00,100.00,80.00,12.80,16.00,,
O20225 - (Solid Pitch Handing - Vizag),31-Dec-2020,417,LT MOTORS,Engineering,,O20225/E1/008,16.00,100.00,80.00,12.80,16.00,9.50,1.35
O20225 - (Solid Pitch Handing - Vizag),31-Dec-2020,418,LT POWER CABLES,Engineering,,O20225/E1/009,16.00,100.00,80.00,12.80,16.00,,
O20225 - (Solid Pitch Handing - Vizag),31-Dec-2020,419,LT CONTROL CABLES,Engineering,,O20225/E1/010,16.00,100.00,80.00,12.80,16.00,,
O20225 - (Solid Pitch Handing - Vizag),31-Dec-2020,420,HT TERMINATION KITS,Engineering,,O20225/E1/011,16.00,100.00,60.00,9.60,16.00,,
O20225 - (Solid Pitch Handing - Vizag),31-Dec-2020,421,LT CABLE GLANDS & LUGS,Engineering,,O20225/E1/012,16.00,100.00,0.00,0.00,16.00,,
O20225 - (Solid Pitch Handing - Vizag),31-Dec-2020,422,LT FLEXIBLE CABLES,Engineering,,O20225/E1/013,16.00,100.00,80.00,12.80,16.00,,
O20225 - (Solid Pitch Handing - Vizag),31-Dec-2020,423,POWER JUNCTION BOXES,Engineering,,O20225/E1/014,16.00,100.00,80.00,12.80,16.00,,
O20225 - (Solid Pitch Handing - Vizag),31-Dec-2020,424,WELDING RECEPTACLES,Engineering,,O20225/E1/015,16.00,100.00,80.00,12.80,16.00,8.00,1.60
O20225 - (Solid Pitch Handing - Vizag),31-Dec-2020,425,WELDING DB WITH TRAFO,Engineering,,O20225/E1/016,16.00,100.00,80.00,12.80,16.00,,
O20225 - (Solid Pitch Handing - Vizag),31-Dec-2020,426,MLDB WITH LIGHTING TRAFO,Engineering,,O20225/E1/017,16.00,100.00,80.00,12.80,16.00,4.00,3.20
O20225 - (Solid Pitch Handing - Vizag),31-Dec-2020,427,NORMAL & EMERGENCY LIGHTING PANELS,Engineering,,O20225/E1/018,16.00,100.00,80.00,12.80,16.00,,
O20225 - (Solid Pitch Handing - Vizag),31-Dec-2020,428,LIGHTING FIXTURES,Engineering,,O20225/E1/019,16.00,100.00,80.00,12.80,16.00,4.00,3.20
O20225 - (Solid Pitch Handing - Vizag),31-Dec-2020,429,"LIGHTING CABLES, WIRES, CONDUITS,  JUNCTION BOXES, AND ACCESSORIES",Engineering,,O20225/E1/020,16.00,100.00,80.00,12.80,16.00,,
O20225 - (Solid Pitch Handing - Vizag),31-Dec-2020,430,CABLE TRAYS & ACCESSORIES,Engineering,,O20225/E1/021,16.00,100.00,0.00,0.00,16.00,,
O20225 - (Solid Pitch Handing - Vizag),31-Dec-2020,431,EARTHING & LIGHTNING MATERIALS,Engineering,,O20225/E1/022,16.00,100.00,0.00,0.00,16.00,,
O20225 - (Solid Pitch Handing - Vizag),31-Dec-2020,432,STUCTURAL STEEL,Engineering,,O20225/E1/023,16.00,100.00,0.00,0.00,16.00,,
O20225 - (Solid Pitch Handing - Vizag),31-Dec-2020,433,HOOTER / FLASHING BEACON,Engineering,,O20225/E1/024,16.00,100.00,0.00,0.00,16.00,,
O20225 - (Solid Pitch Handing - Vizag),31-Dec-2020,434,LOCAL PUSH BUTTON STATIONS,Engineering,,O20225/E1/025,16.00,100.00,80.00,12.80,16.00,8.00,1.60
O20225 - (Solid Pitch Handing - Vizag),31-Dec-2020,435,MF1 STARTER,Engineering,,O20225/E1/026,16.00,100.00,0.00,0.00,16.00,,
O20225 - (Solid Pitch Handing - Vizag),31-Dec-2020,436,SUBSTATION AUTOMATION SYSTEM,Engineering,,O20225/E1/027,16.00,100.00,80.00,12.80,16.00,15.50,0.83
O20225 - (Solid Pitch Handing - Vizag),31-Dec-2020,437,ELECTRICAL CONTROL SYSTEM,Engineering,,O20225/E1/028,16.00,100.00,80.00,12.80,16.00,44.00,0.29
O20225 - (Solid Pitch Handing - Vizag),31-Dec-2020,438,SOLAR PANEL,Engineering,,O20225/E1/029,16.00,100.00,60.00,9.60,16.00,,
O20225 - (Solid Pitch Handing - Vizag),31-Dec-2020,439,HUME PIPE / GI PIPE / HDPE PIPE,Engineering,,O20225/E1/030,16.00,100.00,0.00,0.00,16.00,,
O20225 - (Solid Pitch Handing - Vizag),31-Dec-2020,440,RUBBER MATS,Engineering,,O20225/E1/031,16.00,100.00,60.00,9.60,16.00,,
O20225 - (Solid Pitch Handing - Vizag),31-Dec-2020,441,MISC ITEMS LIKE DANGER BOARDS ETC.,Engineering,,O20225/E1/032,16.00,100.00,0.00,0.00,16.00,,
O20225 - (Solid Pitch Handing - Vizag),31-Dec-2020,442,PR of Conveyor Safety Switches,Engineering,,O20225-980-I-K-00001-001,18.00,100.00,80.00,14.40,18.00,10.50,1.37
O20225 - (Solid Pitch Handing - Vizag),31-Dec-2020,443,PR of Level Transmitters,Engineering,,O20225-980-I-K-00002-001,100.00,100.00,80.00,80.00,100.00,,
O20225 - (Solid Pitch Handing - Vizag),31-Dec-2020,444,PR of Chute Block Switches,Engineering,,O20225-980-I-K-00003-001,18.00,100.00,80.00,14.40,18.00,14.50,0.99
O20225 - (Solid Pitch Handing - Vizag),31-Dec-2020,445,PR of Encoder,Engineering,,O20225-980-I-K-00004-001,,100.00,0.00,,,,
O20225 - (Solid Pitch Handing - Vizag),31-Dec-2020,446,PR of Paddle Switch,Engineering,,O20225-980-I-K-00005-001,18.00,100.00,0.00,0.00,18.00,9.50,0.00
O20225 - (Solid Pitch Handing - Vizag),31-Dec-2020,447,PR for PLC based Control System,Engineering,,O20225-980-I-K-00006-001,300.00,100.00,80.00,240.00,300.00,,
O20225 - (Solid Pitch Handing - Vizag),31-Dec-2020,448,PR for Consoles,Engineering,,O20225-980-I-K-00007-001,100.00,100.00,60.00,60.00,100.00,,
O20225 - (Solid Pitch Handing - Vizag),31-Dec-2020,449,PR of Signal Cable,Engineering,,O20225-980-I-K-00008-001,300.00,100.00,0.00,0.00,300.00,2.00,0.00
O20225 - (Solid Pitch Handing - Vizag),31-Dec-2020,450,PR of Instrument Control Cable,Engineering,,O20225-980-I-K-00009-001,100.00,100.00,80.00,80.00,100.00,0.50,160.00
O20225 - (Solid Pitch Handing - Vizag),31-Dec-2020,451,PR of Instument Power Cable,Engineering,,O20225-980-I-K-00010-001,100.00,100.00,0.00,0.00,100.00,,
O20225 - (Solid Pitch Handing - Vizag),31-Dec-2020,452,PR of Instrument cable accessories (Iugs and glands),Engineering,,O20225-980-I-K-00011-001,100.00,100.00,0.00,0.00,100.00,4.00,0.00
O20225 - (Solid Pitch Handing - Vizag),31-Dec-2020,453,PR for Instrument Branch Cable Tray,Engineering,,O20225-980-I-K-00012-001,100.00,100.00,0.00,0.00,100.00,,
O20225 - (Solid Pitch Handing - Vizag),31-Dec-2020,454,PR for Instrument Cable Conduit,Engineering,,O20225-980-I-K-00013-001,100.00,100.00,0.00,0.00,100.00,,
O20225 - (Solid Pitch Handing - Vizag),31-Dec-2020,455,PR for UPS,Engineering,,O20225-980-I-K-00014-001,100.00,100.00,80.00,80.00,100.00,,
O20225 - (Solid Pitch Handing - Vizag),31-Dec-2020,456,PR for UPS and Non UPS power distribution board,Engineering,,O20225-980-I-K-00015-001,100.00,100.00,0.00,0.00,100.00,,
O20225 - (Solid Pitch Handing - Vizag),31-Dec-2020,457,PR of Fibre Optic Communication Cables,Engineering,,O20225-980-I-K-00016-001,18.00,100.00,0.00,0.00,18.00,,
O20225 - (Solid Pitch Handing - Vizag),31-Dec-2020,458,"PR of Communication Cables (Ethernet, Modbus etc.)",Engineering,,O20225-980-I-K-00017-001,18.00,100.00,0.00,0.00,18.00,,
O20225 - (Solid Pitch Handing - Vizag),31-Dec-2020,459,PR of Instrument Erection Hardware,Engineering,,O20225-980-I-K-00018-001,18.00,100.00,0.00,0.00,18.00,,
O20225 - (Solid Pitch Handing - Vizag),31-Dec-2020,460,PR of Junction Boxes,Engineering,,O20225-980-I-K-00019-001,18.00,100.00,0.00,0.00,18.00,36.50,0.00
O20225 - (Solid Pitch Handing - Vizag),31-Dec-2020,461,PR of F&G System,Engineering,,O20225-980-I-K-00020-001,18.00,100.00,60.00,10.80,18.00,,
O20225 - (Solid Pitch Handing - Vizag),31-Dec-2020,462,PR of Telephone System - Optional,Engineering,,O20225-980-I-K-00021-001,18.00,100.00,60.00,10.80,18.00,,
O20225 - (Solid Pitch Handing - Vizag),31-Dec-2020,463,PR of Fire Detection and Alarm system including cables - Optional,Engineering,,O20225-980-I-K-00022-001,100.00,100.00,80.00,80.00,100.00,4.00,20.00
O20225 - (Solid Pitch Handing - Vizag),31-Dec-2020,464,PR of Multi Cable Transit,Engineering,,O20225-980-I-K-00023-001,100.00,100.00,0.00,0.00,100.00,,
O20225 - (Solid Pitch Handing - Vizag),31-Dec-2020,465,GENERAL CONDITION OF SUPPLY,Engineering,,O20225-M-BM-CS-SP-GC01,20.00,100.00,80.00,16.00,20.00,,
O20225 - (Solid Pitch Handing - Vizag),31-Dec-2020,466,TRUCK LOADING SYSTEM,Engineering,,O20225-M-BM-CS-SP-TLS01,20.00,100.00,90.00,18.00,20.00,4.00,4.50
O20225 - (Solid Pitch Handing - Vizag),31-Dec-2020,467,RAIL LOADING SYSTEM,Engineering,,O20225-M-BM-CS-SP-RLS01,20.00,100.00,80.00,16.00,20.00,,
O20225 - (Solid Pitch Handing - Vizag),31-Dec-2020,468,IDLERS FOR TROUGH CONVEYORS,Engineering,,O20225-M-BM-CS-SP-ID01,20.00,100.00,80.00,16.00,20.00,2.00,8.00
O20225 - (Solid Pitch Handing - Vizag),31-Dec-2020,469,IDLERS FOR PIPE CONVEYOR,Engineering,,O20225-M-BM-CS-SP-PID01,20.00,100.00,80.00,16.00,20.00,24.00,0.67
O20225 - (Solid Pitch Handing - Vizag),31-Dec-2020,470,BELTING FOR TROUGH CONVEYORS,Engineering,,O20225-M-BM-CS-SP-BL01,20.00,100.00,60.00,12.00,20.00,,
O20225 - (Solid Pitch Handing - Vizag),31-Dec-2020,471,BELTING FOR PIPE CONVEYOR,Engineering,,O20225-M-BM-CS-SP-PBL01,20.00,100.00,60.00,12.00,20.00,,
O20225 - (Solid Pitch Handing - Vizag),31-Dec-2020,472,PULLEYS FOR TROUGH CONVEYORS & PIPE CONVEYOR,Engineering,,O20225-M-BM-CS-SP-P001,20.00,100.00,80.00,16.00,20.00,,
O20225 - (Solid Pitch Handing - Vizag),31-Dec-2020,473,PLUMMER BLOCKS FOR PULLEYS,Engineering,,O20225-M-BM-CS-SP-PL01,20.00,100.00,80.00,16.00,20.00,,
O20225 - (Solid Pitch Handing - Vizag),31-Dec-2020,474,BEARING FOR PULLEYS,Engineering,,O20225-M-BM-CS-SP-B001,20.00,100.00,80.00,16.00,20.00,,
O20225 - (Solid Pitch Handing - Vizag),31-Dec-2020,475,PIN BUSH COUPLING FOR CONV.,Engineering,,O20225-M-BM-CS-SP-PB01,20.00,100.00,80.00,16.00,20.00,,
O20225 - (Solid Pitch Handing - Vizag),31-Dec-2020,476,GEARED COUPLING FOR CONV.,Engineering,,O20225-M-BM-CS-SP-GR01,20.00,100.00,80.00,16.00,20.00,,
O20225 - (Solid Pitch Handing - Vizag),31-Dec-2020,477,GEARBOX FOR CONV.,Engineering,,O20225-M-BM-CS-SP-GB01,20.00,100.00,80.00,16.00,20.00,,
O20225 - (Solid Pitch Handing - Vizag),31-Dec-2020,478,DC ELECTROMAGNETIC BRAKE,Engineering,,O20225-M-BM-CS-SP-BR01,20.00,100.00,60.00,12.00,20.00,6.00,2.00
O20225 - (Solid Pitch Handing - Vizag),31-Dec-2020,479,ILMS,Engineering,,O20225-M-BM-CS-SP-MS01,20.00,100.00,80.00,16.00,20.00,,
O20225 - (Solid Pitch Handing - Vizag),31-Dec-2020,480,BELT SCALE,Engineering,,O20225-M-BM-CS-SP-BS01,20.00,100.00,90.00,18.00,20.00,0.50,36.00
O20225 - (Solid Pitch Handing - Vizag),31-Dec-2020,481,FLAP GATE,Engineering,,O20225-M-BM-CS-SP-FG01,20.00,100.00,90.00,18.00,20.00,12.00,1.50
O20225 - (Solid Pitch Handing - Vizag),31-Dec-2020,482,DIVERTER GATE,Engineering,,O20225-M-BM-CS-SP-DG01,20.00,100.00,60.00,12.00,20.00,,
O20225 - (Solid Pitch Handing - Vizag),31-Dec-2020,483,BUCKET ELEVATOR,Engineering,,O20225-M-BM-CS-SP-BE01,20.00,100.00,60.00,12.00,20.00,,
O20225 - (Solid Pitch Handing - Vizag),31-Dec-2020,484,ELECTRIC HOIST,Engineering,,O20225-M-BM-CS-SP-EH01,20.00,100.00,60.00,12.00,20.00,14.00,0.86
O20225 - (Solid Pitch Handing - Vizag),31-Dec-2020,485,IN-MOTION WEIGH BRIDGE,Engineering,,O20225-M-BM-CS-SP-IMWB01,20.00,100.00,90.00,18.00,20.00,,
O20225 - (Solid Pitch Handing - Vizag),31-Dec-2020,486,MANUAL HOIST / CHAIN PULLEY BLOCK,Engineering,,O20225-M-BM-CS-SP-MH01,20.00,100.00,60.00,12.00,20.00,,
O20225 - (Solid Pitch Handing - Vizag),31-Dec-2020,487,INTERNAL AND EXTERNAL SCRAPER,Engineering,,O20225-M-BM-CS-SP-SC01-40,20.00,100.00,80.00,16.00,20.00,,
O20225 - (Solid Pitch Handing - Vizag),31-Dec-2020,488,FOUNDATION BOLTS WITH NUTS AND WASHERS,Engineering,,O20225-M-BM-CS-SP-FB01,20.00,100.00,80.00,16.00,20.00,,
O20225 - (Solid Pitch Handing - Vizag),31-Dec-2020,489,SCREW TAKEUP,Engineering,,O20225-M-BM-CS-SP-ST01,20.00,100.00,90.00,18.00,20.00,2.00,9.00
O20225 - (Solid Pitch Handing - Vizag),31-Dec-2020,490,TAKE UP COMPONENTS,Engineering,,O20225-M-BM-CS-SP-TU02,20.00,100.00,90.00,18.00,20.00,2.00,9.00
O20225 - (Solid Pitch Handing - Vizag),31-Dec-2020,491,RCC CWT. BLOCKS FOR CONV. TAKE UP UNITS,Engineering,,O20225-M-BM-CS-SP-CW01,20.00,100.00,60.00,12.00,20.00,2.00,6.00
O20225 - (Solid Pitch Handing - Vizag),31-Dec-2020,492,"CONV. TECH. STRUCTURE, CHUTES  AND SKIRTS.",Engineering,,O20225-M-BM-CS-SP-TS01,20.00,100.00,60.00,12.00,20.00,,
O20225 - (Solid Pitch Handing - Vizag),31-Dec-2020,493,SKIRT BOARD SEALING,Engineering,,O20225-M-BM-CS-SP-SB01,20.00,100.00,90.00,18.00,20.00,,
O20225 - (Solid Pitch Handing - Vizag),31-Dec-2020,494,LUBRICANT,Engineering,,O20225-M-BM-CS-SP-LU01,20.00,0.00,0.00,0.00,0.00,,
O20225 - (Solid Pitch Handing - Vizag),31-Dec-2020,495,BELT VULCANISER,Engineering,,O20225-M-BM-CS-SP-BV01,20.00,100.00,60.00,12.00,20.00,16.00,0.75
O20225 - (Solid Pitch Handing - Vizag),31-Dec-2020,496,PR FOR DUST EXTRACTION SYSTEM WITH  SPARES,Engineering,,O20225-U-BM-CS-SP-DE-01,20.00,100.00,60.00,12.00,20.00,,
O20225 - (Solid Pitch Handing - Vizag),31-Dec-2020,497,PR FOR FIRE-FIGHTING SYSTEM WITH SPARES,Engineering,,O20225-U-BM-CS-SP-FF-01,20.00,100.00,80.00,16.00,20.00,2.00,8.00
O20225 - (Solid Pitch Handing - Vizag),31-Dec-2020,498,PR FOR WATER SYSTEM (DS/SW/PW) WITH  SPARES,Engineering,,O20225-U-BM-CS-SP-DS-01,20.00,100.00,80.00,16.00,20.00,8.00,2.00
O20225 - (Solid Pitch Handing - Vizag),31-Dec-2020,499,PR FOR AIR-CONDITIONING SYSTEM & SPARES,Engineering,,O20225-U-BM-CS-SP-AC-01,20.00,100.00,90.00,18.00,20.00,,
O20225 - (Solid Pitch Handing - Vizag),31-Dec-2020,500,PR FOR VENTILATION SYSTEM & SPARES,Engineering,,O20225-U-BM-CS-SP-VS-01,20.00,100.00,80.00,16.00,20.00,,

